id,user_id,organization_id,space_id,title,time_from,time_to,time_post,time_update,state
395,1,1,1, / 2025년 하반기 학생 특수건강진단(안전팀),1120174560,1120183020,1119967216,1119967216,1
396,1,1,1, / 2025년 하반기 학생 특수건강진단(안전팀),1120193280,1120194540,1119967216,1119967216,1
397,1,1,4,피아노 연습 / 김준영,1119969720,1119969840,1119967216,1119967216,1
398,1,1,4,피아노 연습 / 김준영,1119971280,1119971400,1119967216,1119967216,1
399,1,1,4,피아노 연습 / 김준영,1119972600,1119972720,1119967216,1119967216,1
400,1,1,5,연습 / 박하연,1120041720,1120041840,1119967216,1119967216,1
401,1,1,5,연습 / 박하연,1120043040,1120043220,1119967216,1119967216,1
402,1,1,5,연습 / 박하연,1120051800,1120051920,1119967216,1119967216,1
403,1,1,5,연습 / 박하연,1120053120,1120053300,1119967216,1119967216,1
404,1,1,6,선본 회의 / 오준서,1119968640,1119968760,1119967216,1119967216,1
405,1,1,6,카포전 무대 업체 미팅 / 장정우,1119969420,1119969600,1119967216,1119967216,1
406,1,1,6, / TEDxKAIST (정기예약),1119969900,1119970020,1119967216,1119967216,1
407,1,1,6, / 판놀음 (정기예약),1119970020,1119970260,1119967216,1119967216,1
408,1,1,6, / 너티 (정기예약),1119971400,1119971460,1119967216,1119967216,1
409,1,1,6,카포전 미팅 / 오상준,1119972270,1119972390,1119967216,1119967216,1
410,1,1,6,카포전 미팅 / 오상준,1119972390,1119972540,1119967216,1119967216,1
411,1,1,6,곰스터디 / 한예원,1119972540,1119973140,1119967216,1119967216,1
412,1,1,7, / 인성 리더십3 - 축제 제작소 (정기예약),1119968640,1119968760,1119967216,1119967216,1
413,1,1,7, / 위로자전거 (정기예약),1119969900,1119969960,1119967216,1119967216,1
414,1,1,7, / Pokéstop (정기예약),1119969960,1119970140,1119967216,1119967216,1
415,1,1,7,곰스터디 / 한예원,1119971100,1119971400,1119967216,1119967216,1
416,1,1,7, / 너티 (정기예약),1119971400,1119971460,1119967216,1119967216,1
417,1,1,7,KASTLE OPEN / Thanapat Techataweekul,1119973500,1119973920,1119967216,1119967216,1
418,1,1,7,KASTLE OPEN / Thanapat Techataweekul,1119976380,1119976740,1119967216,1119967216,1
419,1,1,7,세미나 / 박시현,1119984060,1119984360,1119967216,1119967216,1
420,1,1,7,세미나 / 박시현 ,1119994140,1119994440,1119967216,1119967216,1
421,1,1,8,인성/리더십III Dynamic Leadership  / Guldana Abduali ,1119969780,1119969900,1119967216,1119967216,1
422,1,1,8, / 카이스트 협동조합,1119971250,1119971400,1119967216,1119967216,1
423,1,1,8,학생행사연습 / 이나래,1119976740,1119976860,1119967216,1119967216,1
424,1,1,8,학생행사연습 / 이나래,1119976860,1119976980,1119967216,1119967216,1
425,1,1,8, / 카이스트 협동조합,1119978450,1119978600,1119967216,1119967216,1
426,1,1,8,인성/리더십III Dynamic Leadership  / Guldana Abduali ,1119981300,1119981420,1119967216,1119967216,1
427,1,1,8, / 카이스트 협동조합,1119982770,1119982920,1119967216,1119967216,1
428,1,1,8, / 카이스트 협동조합,1119988530,1119988680,1119967216,1119967216,1
429,1,1,8,안무연습 / 신혜민,1119989880,1119990060,1119967216,1119967216,1
430,1,1,8, / 카이스트 협동조합,1119991410,1119991560,1119967216,1119967216,1
431,1,1,8, / 카이스트 협동조합,1119992850,1119993000,1119967216,1119967216,1
432,1,1,8,학생행사연습 / 이나래,1119994320,1119994440,1119967216,1119967216,1
433,1,1,8, / 카이스트 협동조합,1119998610,1119998760,1119967216,1119967216,1
434,1,1,8,안무연습 / 신혜민,1119999960,1120000140,1119967216,1119967216,1
435,1,1,8, / 카이스트 협동조합,1120001490,1120001640,1119967216,1119967216,1
436,1,1,8, / 카이스트 협동조합,1120002930,1120003080,1119967216,1119967216,1
437,1,1,8,안무연습 / 신혜민,1120007100,1120007280,1119967216,1119967216,1
438,1,1,8, / 카이스트 협동조합,1120008690,1120008840,1119967216,1119967216,1
439,1,1,8,안무연습 / 신혜민,1120010040,1120010220,1119967216,1119967216,1
440,1,1,8, / 카이스트 협동조합,1120011570,1120011720,1119967216,1119967216,1
441,1,1,8, / 카이스트 협동조합,1120013010,1120013160,1119967216,1119967216,1
442,1,1,8, / 카이스트 협동조합,1120018770,1120018920,1119967216,1119967216,1
443,1,1,8, / 카이스트 협동조합,1120024530,1120024680,1119967216,1119967216,1
444,1,1,8, / 카이스트 협동조합,1120025970,1120026120,1119967216,1119967216,1
445,1,1,8, / 카이스트 협동조합,1120031730,1120031880,1119967216,1119967216,1
446,1,1,8, / 카이스트 협동조합,1120034610,1120034760,1119967216,1119967216,1
447,1,1,8, / 카이스트 협동조합,1120036050,1120036200,1119967216,1119967216,1
448,1,1,8, / 카이스트 협동조합,1120041810,1120041960,1119967216,1119967216,1
449,1,1,8, / 카이스트 협동조합,1120044690,1120044840,1119967216,1119967216,1
450,1,1,8, / 카이스트 협동조합,1120046130,1120046280,1119967216,1119967216,1
451,1,1,8, / 카이스트 협동조합,1120051890,1120052040,1119967216,1119967216,1
452,1,1,8, / 카이스트 협동조합,1120054770,1120054920,1119967216,1119967216,1
453,1,1,8, / 카이스트 협동조합,1120056210,1120056360,1119967216,1119967216,1
454,1,1,8, / 카이스트 협동조합,1120061970,1120062120,1119967216,1119967216,1
455,1,1,8, / 카이스트 협동조합,1120064850,1120065000,1119967216,1119967216,1
456,1,1,8, / 카이스트 협동조합,1120066290,1120066440,1119967216,1119967216,1
457,1,1,8, / 카이스트 협동조합,1120073490,1120073640,1119967216,1119967216,1
458,1,1,8, / 카이스트 협동조합,1120076370,1120076520,1119967216,1119967216,1
459,1,1,8, / 카이스트 협동조합,1120077810,1120077960,1119967216,1119967216,1
460,1,1,8, / 카이스트 협동조합,1120083570,1120083720,1119967216,1119967216,1
461,1,1,8, / 카이스트 협동조합,1120086450,1120086600,1119967216,1119967216,1
462,1,1,8, / 카이스트 협동조합,1120087890,1120088040,1119967216,1119967216,1
463,1,1,8, / 카이스트 협동조합,1120093650,1120093800,1119967216,1119967216,1
464,1,1,8, / 카이스트 협동조합,1120096530,1120096680,1119967216,1119967216,1
465,1,1,8, / 카이스트 협동조합,1120097970,1120098120,1119967216,1119967216,1
466,1,1,8, / 카이스트 협동조합,1120103730,1120103880,1119967216,1119967216,1
467,1,1,8, / 카이스트 협동조합,1120106610,1120106760,1119967216,1119967216,1
468,1,1,8, / 카이스트 협동조합,1120108050,1120108200,1119967216,1119967216,1
469,1,1,9,합주 연습 / 김서현,1119969840,1119970079,1119967216,1119967216,1
470,1,1,9,Shift / 정서윤,1119972720,1119972840,1119967216,1119967216,1
471,1,1,9,공연 합주 연습 / 한승호,1119981360,1119981599,1119967216,1119967216,1
472,1,1,9,공연 합주 연습 / 한승호,1119991440,1119991679,1119967216,1119967216,1
473,1,1,9,공연 합주 연습 / 한승호,1120001520,1120001759,1119967216,1119967216,1
474,1,1,9,공연 합주 연습 / 한승호,1120011600,1120011839,1119967216,1119967216,1
475,1,1,10, / 인피니트 (공연집중기간),1119968640,1119970079,1119967216,1119967216,1
476,1,1,10, / 이박터 (공연집중기간),1119970080,1119971519,1119967216,1119967216,1
477,1,1,10, / 은막 (공연집중기간),1119971520,1119972959,1119967216,1119967216,1
478,1,1,10,워크숍 공연 / 김상우,1119972990,1119974370,1119967216,1119967216,1
479,1,1,10,워크숍 공연 / 김상우,1119975870,1119977250,1119967216,1119967216,1
480,1,1,10,인성/리더십 III 강좌-기타로 보컬 이기는 법의 마지막 수업을 공연으로 마무리하기 위해 예약합니다. / 김지원,1119978360,1119978600,1119967216,1119967216,1
481,1,1,10,워크숍 / 김상우,1120000320,1120003170,1119967216,1119967216,1
482,1,1,10,워크숍 / 김상우,1120003200,1120007490,1119967216,1119967216,1
484,1,1,11, / 카이스트 협동조합,1119969780,1119969900,1119967216,1119967216,1
485,1,1,11,플룻 추가 연습 및 지원용 영상 촬영 / 유진희,1119969900,1119969960,1119967216,1119967216,1
486,1,1,11, / 로지컬 (공연집중기간),1119970080,1119971519,1119967216,1119967216,1
487,1,1,11, / 은막 (공연집중기간),1119971520,1119972959,1119967216,1119967216,1
488,1,1,11,KASTLE OPEN / Thanapat Techataweekul,1119973500,1119973920,1119967216,1119967216,1
489,1,1,11,STROKE 테니스 동아리 종강총회 / 전종훈,1119973920,1119974040,1119967216,1119967216,1
490,1,1,11,KASTLE OPEN / Thanapat Techataweekul,1119976380,1119976740,1119967216,1119967216,1
491,1,1,11,생존동호회 정기 모임 / 이주훈,1119976740,1119977160,1119967216,1119967216,1
492,1,1,11, / 카이스트 협동조합,1119978420,1119978540,1119967216,1119967216,1
493,1,1,11, / 카이스트 협동조합,1119981300,1119981420,1119967216,1119967216,1
494,1,1,11, / 카이스트 협동조합,1119982740,1119982860,1119967216,1119967216,1
495,1,1,11, / 박건희,1119983820,1119984120,1119967216,1119967216,1
496,1,1,11, / 박건희,1119984180,1119984420,1119967216,1119967216,1
497,1,1,11, / 카이스트 협동조합,1119988500,1119988620,1119967216,1119967216,1
498,1,1,11, / 카이스트 협동조합,1119991380,1119991500,1119967216,1119967216,1
499,1,1,11, / 카이스트 협동조합,1119992820,1119992940,1119967216,1119967216,1
500,1,1,11, / 카이스트 협동조합,1119998580,1119998700,1119967216,1119967216,1
501,1,1,11, / 카이스트 협동조합,1120001460,1120001580,1119967216,1119967216,1
502,1,1,11, / 카이스트 협동조합,1120008660,1120008780,1119967216,1119967216,1
503,1,1,11, / 카이스트 협동조합,1120011540,1120011660,1119967216,1119967216,1
504,1,1,11, / 카이스트 협동조합,1120012980,1120013100,1119967216,1119967216,1
505,1,1,11, / 카이스트 협동조합,1120018740,1120018860,1119967216,1119967216,1
506,1,1,11, / 카이스트 협동조합,1120024500,1120024620,1119967216,1119967216,1
507,1,1,11, / 카이스트 협동조합,1120025940,1120026060,1119967216,1119967216,1
508,1,1,11, / 카이스트 협동조합,1120031700,1120031820,1119967216,1119967216,1
509,1,1,11, / 카이스트 협동조합,1120034580,1120034700,1119967216,1119967216,1
510,1,1,11, / 카이스트 협동조합,1120036020,1120036140,1119967216,1119967216,1
511,1,1,11,7/12 진행 예정 카이스트신문사 워크샵 및 홈커밍 행사 사전 준비를 위한 대여 신청 / 김세헌,1120037460,1120038240,1119967216,1119967216,1
512,1,1,11,카이스트신문 워크샵 및 홈커밍 행사 / 김세헌,1120038240,1120039080,1119967216,1119967216,1
513,1,1,11, / 카이스트 협동조합,1120041780,1120041900,1119967216,1119967216,1
514,1,1,11, / 카이스트 협동조합,1120044660,1120044780,1119967216,1119967216,1
515,1,1,11, / 카이스트 협동조합 ,1120046100,1120046220,1119967216,1119967216,1
516,1,1,11, / 카이스트 협동조합,1120051860,1120051980,1119967216,1119967216,1
517,1,1,11, / 카이스트 협동조합,1120054740,1120054860,1119967216,1119967216,1
518,1,1,11, / 카이스트 협동조합 ,1120056180,1120056300,1119967216,1119967216,1
519,1,1,11, / 카이스트 협동조합,1120061940,1120062060,1119967216,1119967216,1
520,1,1,11, / 카이스트 협동조합,1120064820,1120064940,1119967216,1119967216,1
521,1,1,11, / 카이스트 협동조합 ,1120066260,1120066380,1119967216,1119967216,1
522,1,1,11,생존동호회 정기모임 / 이주훈,1120070340,1120070760,1119967216,1119967216,1
523,1,1,11,생존동호회 정기 모임 / 이주훈,1120071810,1120072200,1119967216,1119967216,1
524,1,1,11, / 카이스트 협동조합,1120073460,1120073580,1119967216,1119967216,1
525,1,1,11, / 카이스트 협동조합,1120076340,1120076460,1119967216,1119967216,1
526,1,1,11, / 카이스트 협동조합 ,1120077780,1120077900,1119967216,1119967216,1
527,1,1,11, / 카이스트 협동조합,1120083540,1120083660,1119967216,1119967216,1
528,1,1,11, / 카이스트 협동조합,1120086420,1120086540,1119967216,1119967216,1
529,1,1,11, / 카이스트 협동조합 ,1120087860,1120087980,1119967216,1119967216,1
530,1,1,11, / 카이스트 협동조합,1120093620,1120093740,1119967216,1119967216,1
531,1,1,11, / 카이스트 협동조합,1120096500,1120096620,1119967216,1119967216,1
532,1,1,11, / 카이스트 협동조합 ,1120097940,1120098060,1119967216,1119967216,1
533,1,1,11, / 카이스트 협동조합,1120103700,1120103820,1119967216,1119967216,1
534,1,1,11, / 카이스트 협동조합,1120106580,1120106700,1119967216,1119967216,1
535,1,1,11, / 카이스트 협동조합 ,1120108020,1120108140,1119967216,1119967216,1
536,1,1,11, / 2025년 하반기 학생 특수건강진단(안전팀),1120174560,1120183020,1119967216,1119967216,1
537,1,1,11, / 2025년 하반기 학생 특수건강진단(안전팀),1120193280,1120194540,1119967216,1119967216,1
538,1,1,13,버스킹 / 주우성,1119969300,1119969480,1119967216,1119967216,1
539,1,1,13,예술융합센터 버스킹 / 심승보,1119970740,1119970860,1119967216,1119967216,1
546,1,1,1,개인 악기 연습 / 민경진,1119968310,1119968430,1119968073,1119968073,1
547,1,1,2,악기 연습 / 김지수,1119968280,1119968370,1119968073,1119968073,1
548,1,1,2,악기 연습 / 유진희,1119968400,1119968640,1119968073,1119968073,1
549,1,1,4,연습 / 오상준,1119968040,1119968220,1119968073,1119968073,1
550,1,1,4,피아노 연습 / 김준영,1119968400,1119968520,1119968073,1119968073,1
551,1,1,6,세미나 / 박시현,1119968340,1119968520,1119968073,1119968073,1
552,1,1,6, / SSEquence (정기예약),1119968520,1119968640,1119968073,1119968073,1
553,1,1,7, / SSEquence (정기예약),1119968520,1119968640,1119968073,1119968073,1
554,1,1,9,드럼 / 박강태,1119967800,1119967980,1119968073,1119968073,1
555,1,1,9,Shift / 정서윤,1119968160,1119968280,1119968073,1119968073,1
556,1,1,9,공연 합주 연습 / 한승호,1119968400,1119968639,1119968073,1119968073,1
557,1,1,10,워크숍 공연 / 김상우,1119967230,1119968610,1119968073,1119968073,1
558,1,1,12,동아리 현궁 활동 / 김나연,1119968250,1119968490,1119968073,1119968073,1
559,1,1,12,동아리 정기모임 / 조용준,1119968490,1119968580,1119968073,1119968073,1
560,23,1,9,합주,1119971160,1119971220,1119968077,1119968077,1
561,1,1,1,연습 / 김재상,1119966900,1119967110,1119968079,1119968079,1
562,1,1,2,개인연습 / 유은서,1119966780,1119966930,1119968079,1119968079,1
563,1,1,3, / 임수아,1119966570,1119966720,1119968079,1119968079,1
564,1,1,4,피아노 / 김수민,1119966750,1119966810,1119968079,1119968079,1
565,1,1,4,피아노 연습 / 김준영,1119966840,1119966960,1119968079,1119968079,1
566,1,1,4, / 최현진,1119967080,1119967199,1119968079,1119968079,1
567,1,1,6, / 카슐랭 (정기예약),1119966900,1119967020,1119968079,1119968079,1
568,1,1,6, / 인피니트 (정기예약),1119967080,1119967200,1119968079,1119968079,1
569,1,1,7, / 카슐랭 (정기예약),1119966900,1119967020,1119968079,1119968079,1
570,1,1,7, / 전산학부 학생회 (정기예약),1119967080,1119967200,1119968079,1119968079,1
571,1,1,8, / 카이스트 협동조합,1119966930,1119967080,1119968079,1119968079,1
572,1,1,9,연습 / 안정호,1119965760,1119965940,1119968079,1119968079,1
573,1,1,9,합주 연습 / 김준영,1119966720,1119966900,1119968079,1119968079,1
574,1,1,9,합주 / 김건우,1119967080,1119967199,1119968079,1119968079,1
575,1,1,10, / 창작동화 (공연집중기간),1119965760,1119967199,1119968079,1119968079,1
576,1,1,11, / 카이스트 협동조합,1119966900,1119967020,1119968079,1119968079,1
577,1,1,11,Praiser 플몬 리허선 및 공연 / 박하원,1119967020,1119968639,1119968079,1119968079,1
578,1,1,13,버스킹 공연 / 채수윤,1119966780,1119966900,1119968079,1119968079,1
579,1,1,2,연습 / 장유진,1119963600,1119963780,1119968080,1119968080,1
580,1,1,3,연습 / 정경현 ,1119964080,1119964320,1119968080,1119968080,1
581,1,1,4,피아노 연습 / 오준영,1119963780,1119963900,1119968080,1119968080,1
582,1,1,4, / 김태훈,1119964020,1119964080,1119968080,1119968080,1
583,1,1,5,Practice / JIKAI,1119963840,1119963960,1119968080,1119968080,1
584,1,1,5,연습 / 김시유,1119964020,1119964140,1119968080,1119968080,1
585,1,1,8,춤 연습 / 김하경,1119963840,1119963960,1119968080,1119968080,1
586,1,1,8,일루젼 공연 연습 / 박서우,1119964080,1119964320,1119968080,1119968080,1
587,1,1,9,연습 / 안정호,1119963900,1119964080,1119968080,1119968080,1
588,1,1,10, / 일루젼 (공연집중기간),1119962880,1119964319,1119968080,1119968080,1
589,1,1,11, / FingS (공연집중기간),1119962880,1119964319,1119968080,1119968080,1
590,1,1,1,악기 연습 / 유진희,1119965100,1119965340,1119968080,1119968080,1
591,1,1,1,악기 연습 / 유진희,1119965610,1119965760,1119968080,1119968080,1
592,1,1,4,Practice / JIKAI,1119965100,1119965220,1119968080,1119968080,1
593,1,1,4,피아노 연습 / 김준영,1119965400,1119965520,1119968080,1119968080,1
594,1,1,5,Practice  / Shruti Pendse,1119965280,1119965460,1119968080,1119968080,1
595,1,1,6,곰스터디 / 한예원,1119965280,1119965640,1119968080,1119968080,1
596,1,1,6, / 상상효과 (정기예약),1119965640,1119965760,1119968080,1119968080,1
597,1,1,7, / KFAC (정기예약),1119965520,1119965700,1119968080,1119968080,1
598,1,1,7, / 새내기학생회 기획국 (정기예약),1119965700,1119965760,1119968080,1119968080,1
599,1,1,9,연습 / 안정호,1119964380,1119964500,1119968080,1119968080,1
600,1,1,9, / 박지윤,1119964920,1119965160,1119968080,1119968080,1
601,1,1,9,밴드연습 / Nadia Arvi,1119965160,1119965280,1119968080,1119968080,1
602,1,1,9,버스킹 리허설 / 정선우,1119965280,1119965460,1119968080,1119968080,1
603,1,1,9,드럼 / 박강태,1119965520,1119965640,1119968080,1119968080,1
604,1,1,10, / 강적 (공연집중기간),1119964320,1119965759,1119968080,1119968080,1
605,1,1,11,"동아리 행사 관련 회의, 상영물 확인 / 김세진",1119965100,1119965160,1119968080,1119968080,1
606,1,1,11,생존동호회 정기 모임 / 이주훈,1119965160,1119965640,1119968080,1119968080,1
608,1,1,14,문학의 뜨락 시 전시전 / 김진석,1119965761,1119968639,1119968097,1119968097,1
609,1,1,14,위로자전거 전시회 / 윤서경,1119968640,1119972959,1119968097,1119968097,1
610,1,1,14,동아리 전시회 / 김보란,1119977160,1119984240,1119968097,1119968097,1
611,1,1,16,공간위사업 / 김지윤,1119966300,1119968160,1119968097,1119968097,1
612,1,1,16,사업국 사업함 / 김지윤,1119968160,1119968639,1119968097,1119968097,1
613,1,1,16,위로자전거 전시회 / 윤서경,1119968640,1119972959,1119968097,1119968097,1
614,1,1,16,곰발바닥 정기전시회 / 한예원,1119974040,1119981599,1119968097,1119968097,1
615,24,12,8,테스트,1119970800,1119970920,1119968119,1119968119,1
616,24,12,8,일루젼 정기연습,1119982500,1119982560,1119968134,1119968134,1
617,24,12,8,일루젼 정기연습,1119988680,1119988800,1119968141,1119968141,1
618,42,1,12,카이스트 국궁동아리 현궁,1119972600,1119972720,1119968197,1119968197,1
620,21,1,9,드럼,1119971220,1119971340,1119968367,1119968367,1
621,49,1,7,세미나,1119972540,1119972660,1119968393,1119968393,1
622,49,1,6,세미너,1119984180,1119984360,1119968396,1119968396,1
624,56,1,9,연습,1119971040,1119971160,1119968462,1119968462,1
625,55,1,5,피아노 연습,1119971040,1119971160,1119969385,1119969385,1
626,71,1,8,Dance ,1119972540,1119972660,1119969552,1119969552,1
627,71,1,9,Sing ,1119972360,1119972480,1119969553,1119969553,1
628,75,1,1,개인연습실 예약 신청의 건,1119971220,1119971340,1119969735,1119969735,1
629,12,1,1,개인 연습실 예약,1119971040,1119971220,1119969958,1119969958,1
630,48,1,9,드럼 연습,1119972660,1119972720,1119970065,1119970065,1
631,83,1,6,세미나,1119984060,1119984180,1119970129,1119970129,1
632,84,1,1,개인 연습실 예약 ,1119972240,1119972300,1119970180,1119970180,1
633,88,1,1,개인 연습,1119972780,1119972900,1119971252,1119971252,1
634,12,1,1,개인연습,1119971340,1119971460,1119971342,1119971342,1
635,89,1,1,개인 연습,1119972480,1119972600,1119971355,1119971355,1
636,7,9,5,피아노 조율 및 수리,1119971520,1119972960,1119972187,1119972187,1
637,95,1,9,Practice,1119976980,1119977100,1119972216,1119972216,1
638,96,1,4,피아노 연습,1119973800,1119973920,1119972328,1119972328,1
639,21,1,9,Drum,1119977100,1119977220,1119972541,1119972541,1
640,100,1,4,피아노 연습,1119979620,1119979740,1119972800,1119972800,1
641,104,1,9,드럼 연습,1119975840,1119975960,1119972921,1119972921,1
642,91,1,1,연습,1119972960,1119973080,1119972923,1119972923,1
643,104,1,9,드럼 연습,1119977280,1119977400,1119972923,1119972923,1
644,105,1,3,개인 연습,1119973560,1119973680,1119972944,1119972944,1
645,107,1,9,practice,1119992880,1119993000,1119974068,1119974068,1
646,110,1,1,개인 연습,1119975840,1119975960,1119974237,1119974237,1
647,21,1,9,드럼연습,1119978720,1119978840,1119976987,1119976987,1
648,21,1,9,드럼연습,1119981240,1119981360,1119976988,1119976988,1
649,53,1,1,악기연습,1119981240,1119981360,1119977624,1119977624,1
650,53,1,1,악기연습,1119989880,1119990000,1119977625,1119977625,1
651,119,1,8,개인 연습,1119980760,1119980880,1119977630,1119977630,1
652,119,1,8,개인 연습,1119981600,1119981720,1119977632,1119977632,1
653,96,1,4,피아노 연습,1119979380,1119979500,1119978052,1119978052,1
655,123,1,11,넘버 배우 오디션,1120002480,1120002840,1119978479,1119978479,1
656,124,1,10,[Number] 공연준비,1119998880,1120000260,1119978482,1119978482,1
657,125,1,4,피아노 연습,1119979500,1119979620,1119978579,1119978579,1
659,128,1,7,대학원생 모임,1119992820,1119993000,1119979565,1119979565,1
660,128,1,6,대학원생 모임2,1119993000,1119993060,1119979567,1119979567,1
662,127,1,10,[NUMBER] 가을 정기공연 연습,1120012380,1120013220,1119979577,1119979577,1
663,127,1,10,[NUMBER] 가을 정기공연 연습,1120018140,1120018740,1119979578,1119979578,1
665,54,1,4,personal practice,1119981240,1119981300,1119979832,1119979832,1
666,130,1,6,G-inK 팀장단 회의,1119994320,1119994500,1119979836,1119979836,1
667,105,1,3,개인 연습,1119981300,1119981420,1119980021,1119980021,1
670,93,1,8,행사준비,1119985380,1119985500,1119980962,1119980962,1
671,93,1,8,행사준비,1119986460,1119986580,1119980962,1119980962,1
673,93,1,8,행사준비,1119983580,1119983700,1119980963,1119980963,1
674,130,1,6,G-inK 정기 워크샵,1119995340,1119995520,1119981048,1119981048,1
675,136,1,6,G-inK 정기 워크샵,1119995520,1119995700,1119981073,1119981073,1
676,127,1,10,[NUMBER] 가을 정기 공연 연습,1120018740,1120018980,1119981162,1119981162,1
677,95,1,9,Practise,1119983580,1119983700,1119981505,1119981505,1
679,106,1,5,피아노,1119981600,1119981660,1119981580,1119981580,1
680,142,1,4,피아노 연습,1119983940,1119984060,1119982322,1119982322,1
681,127,1,6,[Number] 가을 정기 공연 배우 오디션 결과 회의,1120002720,1120002840,1119982359,1119982359,1
687,127,1,11,[Number] 가을 정기공연 연습,1120009680,1120010340,1119982451,1119982451,1
688,127,1,11,[Number] 가을 정기공연 연습,1120022640,1120023300,1119982451,1119982451,1
689,127,1,11,[Number] 가을 정기공연 연습,1120032720,1120033380,1119982452,1119982452,1
690,127,1,11,[Number] 가을 정기공연 연습,1120042800,1120043460,1119982452,1119982452,1
691,1,1,9,합주 연습,1119982680,1119982860,1119982504,1119982504,1
693,1,1,9,합주연습/ Jessica,1119982380,1119982560,1119982551,1119982551,1
694,53,1,1,악기연습,1119988440,1119988560,1119982915,1119982915,1
695,21,1,9,드럼,1119986760,1119986880,1119983912,1119983912,1
696,96,1,9,연습,1119986880,1119987000,1119983921,1119983921,1
697,145,1,1,practicing violin,1119984480,1119984600,1119984047,1119984047,1
698,132,1,8,연습,1120004400,1120004520,1119984189,1119984189,1
704,101,1,9,드럼 연습,1119992460,1119992580,1119985880,1119985880,1
705,21,1,9,드럼,1119989400,1119989520,1119986720,1119986720,1
706,21,1,9,드럼,1119993000,1119993120,1119986721,1119986721,1
707,21,1,9,드럼,1119994260,1119994380,1119986721,1119986721,1
710,126,1,1,연습,1119988080,1119988140,1119987239,1119987239,1
711,126,1,1,연습,1119990960,1119991020,1119987249,1119987249,1
712,127,1,11,[NUMBER] 가을 정기공연 연습,1120052880,1120053540,1119988219,1119988219,1
713,24,12,11,일루젼 정기연습,1120008780,1120008960,1119988919,1119988919,1
714,24,1,8,일루젼 정기연습,1120008840,1120008960,1119988922,1119988922,1
715,122,1,7,상상효과 팀장회의,1120010160,1120010340,1119989203,1119989203,1
716,127,1,10,[Number] 가을 정기 공연 연습,1120025520,1120026180,1119989465,1119989465,1
718,62,1,2,악기 연습,1119992940,1119993060,1119989725,1119989725,1
719,158,1,12,현궁 깍지 주머니 만들기,1120006860,1120007160,1119989876,1119989876,1
721,160,1,9,기타연습,1119992580,1119992700,1119990213,1119990213,1
722,154,1,8,일루젼 카이스트,1120010280,1120010400,1119990256,1119990256,1
723,161,1,5,piano practice,1119998040,1119998160,1119990284,1119990284,1
724,87,1,2,연습,1119994020,1119994140,1119990908,1119990908,1
727,96,1,9,연습,1119996900,1119997020,1119991279,1119991279,1
728,165,1,9,드럼 개인연습,1119995340,1119995460,1119991287,1119991287,1
732,167,1,4,피아노 연습,1119993720,1119993840,1119992650,1119992650,1
734,48,1,9,밴드 연습,1119999900,1120000020,1119992711,1119992711,1
735,48,1,5,피아노 연습,1120002780,1120002900,1119992711,1119992711,1
736,168,1,1,악기연습,1119994380,1119994500,1119992886,1119992886,1
738,21,1,9,드럼,1119997200,1119997320,1119993774,1119993774,1
740,177,1,8,일루젼 카이스트,1120014480,1120014600,1119994133,1119994133,1
741,178,1,2,연습,1119995760,1119995820,1119994233,1119994233,1
742,181,1,4,피아노 연습,1119994560,1119994680,1119994400,1119994400,1
743,167,1,5,피아노 연습,1119995400,1119995520,1119994422,1119994422,1
745,24,12,8,일루젼 카이스트,1120015920,1120016040,1119994680,1119994680,1
746,24,12,8,일루젼 카이스트,1120014600,1120014720,1119994703,1119994703,1
747,183,1,4,연습,1119996840,1119996960,1119995452,1119995452,1
750,185,1,9,드럼 연습,1119998280,1119998400,1119995596,1119995596,1
751,127,1,11,[Number] 가을 정기공연 연습,1120016880,1120017540,1119995755,1119995755,1
752,127,1,11,[Number] 가을 정기공연 연습,1120029840,1120030500,1119995755,1119995755,1
753,127,1,11,[Number] 가을 정기공연 연습,1120039920,1120040580,1119995756,1119995756,1
754,127,1,11,[Number] 가을 정기공연 연습,1120050000,1120050660,1119995756,1119995756,1
755,127,1,11,[Number] 가을 정기공연 연습,1120060080,1120060740,1119995756,1119995756,1
756,21,1,9,드럼,1119998760,1119998880,1119995874,1119995874,1
757,186,1,4,연습,1119996480,1119996600,1119995937,1119995937,1
758,159,1,1,일루젼 연습,1120016040,1120016160,1119996002,1119996002,1
759,159,1,8,일루젼 카이스트,1120016040,1120016160,1119996007,1119996007,1
760,127,1,6,[Number] 팀장회의,1120017480,1120017600,1119996659,1119996659,1
763,174,1,6,2025 후기 새내기새로배움터 팀장단 회의,1120005840,1120005960,1119996877,1119996877,1
764,189,1,6,천문세미나,1120005480,1120005600,1119997171,1119997171,1
765,189,1,7,천문세미나,1120005480,1120005600,1119997171,1119997171,1
766,190,1,6,상상효과,1119999660,1119999840,1119997294,1119997294,1
767,48,1,5,연습,1119998400,1119998520,1119997439,1119997439,1
768,159,1,8,일루젼 카이스트,1120017480,1120017600,1119997442,1119997442,1
770,24,1,8,일루젼 정기연습,1120017360,1120017480,1119998018,1119998018,1
771,127,1,11,[Number] 가을 정기 공연 연습,1120062960,1120063620,1119998187,1119998187,1
772,175,1,11,2025 KAIST CSSPL Homecoming,1120027140,1120027620,1119998375,1119998375,1
775,196,1,1,해금 연습,1119999720,1119999840,1119998487,1119998487,1
777,126,1,3,연습,1119999600,1119999660,1119998852,1119998852,1
778,24,12,11,일루젼 정기연습,1120018860,1120018920,1119998881,1119998881,1
781,159,1,8,일루젼 카이스트,1120018920,1120018980,1119998934,1119998934,1
782,202,1,10,이박터,1120013280,1120014720,1119999342,1119999342,1
783,202,1,10,이박터,1120021920,1120023360,1119999343,1119999343,1
784,202,1,10,이박터,1120023360,1120024800,1119999344,1119999344,1
793,205,1,9,합주실 예약,1120005540,1120005660,1119999721,1119999721,1
794,201,1,1,카이스트 아트 오케스트라 오보에 파트 연습,1120011600,1120011720,1119999806,1119999806,1
795,206,1,5,피아노 연습,1120001220,1120001340,1119999867,1119999867,1
797,21,1,9,드럼,1120002360,1120002480,1119999964,1119999964,1
798,21,1,9,드럼,1120004340,1120004460,1119999964,1119999964,1
803,202,1,11,이박터,1120017600,1120018680,1120000036,1120000036,1
804,202,1,11,이박터,1120024800,1120025880,1120000036,1120000036,1
814,71,1,8,Dance ,1120004220,1120004340,1120001042,1120001042,1
815,71,1,9,Sing ,1120004100,1120004220,1120001044,1120001044,1
816,71,1,8,Dance ,1120005660,1120005780,1120001046,1120001046,1
817,71,1,8,Dance ,1120008480,1120008600,1120001047,1120001047,1
818,158,1,6, 현궁 원데이 클래스,1120006920,1120007100,1120001164,1120001164,1
819,209,1,1, 카이스트 아트 오케스트라 오보에 파트 연습,1120011720,1120011780,1120001398,1120001398,1
820,7,1,1,개인연습,1120001460,1120001580,1120001509,1120001509,1
822,172,1,9,IVF 브레멘 음악대 합주,1120008660,1120008780,1120001540,1120001540,1
823,172,1,9,IVF 브레멘 음악대 합주 2,1120010100,1120010220,1120001552,1120001552,1
825,7,9,11,/RUIZ MONDRAGON MARINA IVETTE,1120006740,1120007160,1120001569,1120001569,1
826,211,1,9,Practice,1120003800,1120003920,1120001590,1120001590,1
827,122,1,7,상상효과 팀장회의,1120023120,1120023300,1120001766,1120001766,1
828,24,12,8,일루젼 카이스트,1120023120,1120023240,1120001843,1120001843,1
833,24,12,8,일루젼 정기연습,1120018980,1120021920,1120002477,1120002477,1
834,96,1,9,연습,1120005240,1120005360,1120002670,1120002670,1
836,96,1,4,연습,1120004280,1120004400,1120002671,1120002671,1
837,53,1,1,악기연습,1120023000,1120023120,1120002870,1120002870,1
838,53,1,1,악기연습,1120018680,1120018800,1120002870,1120002870,1
839,214,1,4,연습,1120004100,1120004220,1120003101,1120003101,1
840,24,12,11,일루젼 정기연습,1120024620,1120024680,1120003209,1120003209,1
841,24,12,11,일루젼 정기연습,1120024680,1120024800,1120003211,1120003211,1
843,159,1,8,일루젼 카이스트,1120024680,1120024740,1120003216,1120003216,1
845,24,12,8,일루젼 정기연습,1120024740,1120024800,1120003879,1120003879,1
850,24,12,8,일루젼 정기연습,1120027440,1120027560,1120005434,1120005434,1
851,159,1,8,일루젼 카이스트,1120027560,1120027680,1120005659,1120005659,1
852,159,1,8,일루젼 카이스트,1120026120,1120026240,1120005659,1120005659,1
853,159,1,8,일루젼 카이스트,1120023240,1120023360,1120005660,1120005660,1
854,212,1,4,피아노연습,1120006140,1120006200,1120005921,1120005921,1
855,167,1,4,피아노 연습,1120006680,1120006800,1120005973,1120005973,1
856,183,1,5,연습,1120007040,1120007160,1120006070,1120006070,1
858,24,12,8,일루젼 정기연습,1120028880,1120029000,1120006082,1120006082,1
862,159,1,8,일루젼 카이스트,1120029000,1120029120,1120006105,1120006105,1
864,127,1,1,[Number] 팀장회의,1120024680,1120024800,1120006789,1120006789,1
865,127,1,1,[Number] 팀장회의,1120030440,1120030560,1120006790,1120006790,1
866,218,1,1,악기연습,1120008840,1120008900,1120007271,1120007271,1
867,218,1,9,양랩밴드 연습,1120013160,1120013220,1120007273,1120007273,1
869,207,1,5,합주,1120010100,1120010220,1120007287,1120007287,1
870,21,1,9,드럼,1120009500,1120009620,1120007439,1120007439,1
871,21,1,9,드럼,1120011480,1120011600,1120007439,1120007439,1
872,126,1,3,연습,1120008600,1120008720,1120007487,1120007487,1
873,126,1,3,연습,1120010040,1120010160,1120007488,1120007488,1
874,44,1,9,밴드 합주 연습,1120014540,1120014660,1120007490,1120007490,1
878,219,1,12,동아리 물품 제작,1120009620,1120009920,1120007663,1120007663,1
879,53,1,1,악기 연습,1120010040,1120010160,1120008165,1120008165,1
882,220,1,11,우당탕탕 영화부,1120026060,1120026180,1120008314,1120008314,1
883,220,1,11,우당탕탕 영화부,1120028820,1120029060,1120008321,1120008321,1
885,167,1,5,피아노 연습,1120009920,1120010040,1120008761,1120008761,1
886,185,1,9,드럼연습,1120011060,1120011180,1120008907,1120008907,1
891,185,1,9,드럼 연습,1120012500,1120012620,1120008919,1120008919,1
892,185,1,9,드럼 연습,1120013940,1120014060,1120008919,1120008919,1
893,185,1,9,드럼 연습,1120018080,1120018200,1120008919,1120008919,1
894,185,1,9,드럼 연습,1120022400,1120022520,1120008920,1120008920,1
899,201,1,4,카이스트 아트 오케스트라 오보에 연습,1120011600,1120011720,1120009011,1120009011,1
903,48,1,5,피아노 연습,1120011360,1120011480,1120009974,1120009974,1
906,100,1,1,피아노 연습,1120012980,1120013100,1120010016,1120010016,1
907,100,1,4,피아노 연습,1120012980,1120013100,1120010018,1120010018,1
910,223,1,5,피아노 연습,1120010940,1120011060,1120010099,1120010099,1
911,122,1,7,상상효과 팀장회의,1120033200,1120033380,1120010159,1120010159,1
912,172,1,9,IVF 브레멘 음악대 연습 3,1120018860,1120018980,1120010236,1120010236,1
913,127,1,6,[Number] 팀장회의,1120024680,1120024740,1120010246,1120010246,1
914,127,1,6,[Number] 팀장회의,1120030440,1120030560,1120010246,1120010246,1
915,127,1,6,[Number] 팀장회의,1120024740,1120024800,1120010247,1120010247,1
916,44,1,9,버스킹 연습,1120024560,1120024680,1120010259,1120010259,1
917,227,1,9,버스킹 연습,1120024680,1120024800,1120010276,1120010276,1
918,167,1,4,피아노 연습,1120010940,1120011060,1120010287,1120010287,1
919,167,1,4,피아노 연습,1120012380,1120012500,1120010287,1120010287,1
920,55,1,5,피아노 연습,1120011720,1120011840,1120010396,1120010396,1
922,218,1,2,개인연습,1120025760,1120025880,1120011314,1120011314,1
925,218,1,2,개인 연습,1120024620,1120024740,1120011329,1120011329,1
926,218,1,2,개인연습,1120023180,1120023300,1120011330,1120011330,1
927,218,1,2,개인연습,1120018860,1120018980,1120011331,1120011331,1
929,234,1,5,피아노 연습,1120012680,1120012800,1120011335,1120011335,1
930,223,1,5,피아노 연습,1120012980,1120013100,1120011355,1120011355,1
931,235,1,1,KAIST Art Orchestra 바순 파트 연습,1120012440,1120012560,1120011453,1120011453,1
932,21,1,9,드럼,1120013820,1120013940,1120011459,1120011459,1
934,237,1,8,연습,1120033080,1120033200,1120011665,1120011665,1
935,239,1,8,안무 연습,1120036200,1120036320,1120011840,1120011840,1
937,242,1,4,피아노 연습,1120014060,1120014180,1120012579,1120012579,1
938,186,1,4,개인연습,1120013880,1120014000,1120012617,1120012617,1
940,48,1,5,연습,1120014300,1120014420,1120012792,1120012792,1
941,231,1,1,악기연습,1120014420,1120014540,1120013238,1120013238,1
942,55,1,5,연습,1120014120,1120014240,1120013255,1120013255,1
945,235,1,1,KAIST Art Orchestra 바순 파트 연습,1120015500,1120015620,1120014067,1120014067,1
946,62,1,2,악기 연습,1120015920,1120016040,1120014079,1120014079,1
947,62,1,2,악기 연습,1120017360,1120017480,1120014080,1120014080,1
949,245,40,9,마요네즈,1120026000,1120026120,1120014336,1120014336,1
952,81,1,8,안무연습,1120025820,1120025940,1120014518,1120014518,1
953,81,1,8,안무연습,1120035900,1120036020,1120014518,1120014518,1
954,81,1,8,안무연습,1120017180,1120017300,1120014523,1120014523,1
955,81,1,8,안무연습,1120030140,1120030260,1120014523,1120014523,1
956,63,1,9,연습,1120018440,1120018560,1120014633,1120014633,1
957,63,1,9,연습,1120017420,1120017540,1120014650,1120014650,1
961,183,1,2,악기 연습,1120017120,1120017240,1120015698,1120015698,1
967,240,39,7,새내기학생회 소팀2,1120025940,1120026060,1120017068,1120017068,1
968,240,39,7,새내기학생회 소팀2,1120031700,1120031820,1120017068,1120017068,1
969,240,39,7,새내기학생회 소팀2,1120036020,1120036140,1120017068,1120017068,1
971,127,1,6,[Number] 가을 정기 공연 팀장회의,1120034760,1120034880,1120017216,1120017216,1
972,127,1,6,[Number] 가을 정기 공연 팀장회의,1120040520,1120040640,1120017216,1120017216,1
977,217,1,5,개인연습,1120018740,1120018860,1120017382,1120017382,1
982,127,1,11,[Number] 가을 정기 공연 연습,1120071420,1120071780,1120017435,1120017435,1
983,127,1,11,[Number] 가을 정기 공연 연습,1120074300,1120075140,1120017435,1120017435,1
984,127,1,11,[Number] 가을 정기 공연 연습,1120081500,1120082340,1120017435,1120017435,1
988,196,1,1,개인 연습,1120025700,1120025820,1120017487,1120017487,1
989,183,1,5,악기 연습,1120031700,1120031820,1120017490,1120017490,1
992,253,1,3,악기 연습,1120017600,1120017660,1120017517,1120017517,1
993,100,1,4,피아노 연습,1120022820,1120022940,1120018268,1120018268,1
995,185,1,9,드럼 연습,1120025820,1120025940,1120018402,1120018402,1
996,225,1,8,Individual dance practice,1120022580,1120022700,1120018570,1120018570,1
997,236,1,2,개인연습,1120022700,1120022820,1120018594,1120018594,1
998,243,1,7,25 후새기 공연팀,1120024380,1120024500,1120018647,1120018647,1
999,167,1,5,피아노 연습,1120022640,1120022760,1120018927,1120018927,1
1000,206,1,5,피아노 연습,1120032960,1120033080,1120018952,1120018952,1
1001,53,1,1,악기연습,1120027320,1120027440,1120022370,1120022370,1
1002,232,1,4,피아노 연습,1120023360,1120023480,1120022715,1120022715,1
1003,24,12,8,일루젼 정기연습,1120040520,1120040640,1120022732,1120022732,1
1004,237,1,1,연습,1120043280,1120043400,1120022920,1120022920,1
1005,256,1,7,소팀1 회의,1120027440,1120027620,1120023015,1120023015,1
1006,256,1,7,소팀1 회의,1120043400,1120043580,1120023021,1120023021,1
1007,256,1,7,소팀1 회의,1120033380,1120033560,1120023021,1120023021,1
1008,256,1,7,소팀1 회의,1120037520,1120037700,1120023032,1120023032,1
1009,238,1,7,카포전/캄프 부스 간담회,1120034640,1120034760,1120023116,1120023116,1
1010,84,1,1,악기 연습,1120024260,1120024380,1120023232,1120023232,1
1011,240,39,7,새내기학생회 소팀2,1120041780,1120041900,1120023256,1120023256,1
1012,55,1,5,연습,1120024380,1120024500,1120023289,1120023289,1
1013,231,1,1,악기연습,1120023960,1120024080,1120023289,1120023289,1
1019,231,1,1,악기연습,1120025400,1120025520,1120024085,1120024085,1
1020,51,1,4,피아노 연습,1120026000,1120026120,1120024338,1120024338,1
1021,260,1,8,실험,1120027200,1120027320,1120024338,1120024338,1
1023,48,1,5,피아노 연습,1120025820,1120025940,1120024389,1120024389,1
1024,3,9,10,미래홀 공사,1120030560,1120119840,1120024536,1120060353,1
1025,188,1,3,개인 연습,1120026120,1120026240,1120024686,1120024686,1
1026,264,1,6,새학 디팀회의,1120036080,1120036200,1120024700,1120024700,1
1027,167,1,5,피아노 연습,1120025400,1120025520,1120024735,1120024735,1
1028,127,1,11,[Number] 가을 정기공연 연습,1120084380,1120085220,1120024750,1120024750,1
1031,174,1,6,새학팀장단,1120026240,1120026360,1120024765,1120024765,1
1033,265,1,9,개인연습,1120030320,1120030440,1120024843,1120024843,1
1035,267,1,6,Nice to CU 회의,1120036020,1120036080,1120025591,1120025591,1
1036,122,1,6,상상효과 팀장회의,1120043280,1120043460,1120025667,1120025667,1
1037,269,1,8,2025 카자흐스탄 해외봉사,1120035660,1120035780,1120025812,1120025812,1
1039,269,1,8,2025 카자흐스탄 해외봉사,1120037280,1120037400,1120025813,1120025813,1
1040,269,1,8,2025 카자흐스탄 해외봉사,1120041600,1120041720,1120025820,1120025820,1
1041,269,1,8,2025 카자흐스탄 해외봉사,1120043040,1120043160,1120025820,1120025820,1
1042,269,1,8,2025 카자흐스탄 해외봉사,1120044480,1120044600,1120025821,1120025821,1
1043,269,1,8,2025 카자흐스탄 해외봉사,1120045920,1120046040,1120025821,1120025821,1
1046,240,39,11,새내기학생회 소팀2,1120041960,1120042080,1120026037,1120026037,1
1047,240,39,11,새내기학생회 소팀2,1120051980,1120052160,1120026038,1120026038,1
1048,240,39,11,새내기학생회 소팀2,1120056300,1120056480,1120026039,1120026039,1
1049,266,1,4,개인연습,1120026780,1120026900,1120026042,1120026042,1
1050,231,1,2,악기연습,1120027380,1120027500,1120026083,1120026083,1
1051,167,1,5,피아노 연습,1120026780,1120026900,1120026092,1120026092,1
1052,272,1,7,중앙집행위원회 회의,1120036200,1120036380,1120026175,1120026175,1
1056,273,1,1,연습,1120031100,1120031220,1120026919,1120026919,1
1057,273,1,1,연습,1120030260,1120030380,1120026925,1120026925,1
1058,127,1,11,[Number] 정기 공연 연습,1120091580,1120092420,1120027120,1120027120,1
1059,81,1,8,안무연습,1120040220,1120040340,1120027150,1120027150,1
1060,53,1,1,연습,1120031640,1120031760,1120027324,1120027324,1
1061,53,1,1,연습,1120033080,1120033200,1120027324,1120027324,1
1062,131,1,9,합주,1120033200,1120033320,1120027524,1120027524,1
1063,212,1,4,피아노연습,1120029000,1120029120,1120027616,1120027616,1
1069,183,1,2,개인 연습,1120029780,1120029900,1120029099,1120029099,1
1074,21,1,9,드럼,1120033080,1120033200,1120030476,1120030476,1
1075,21,1,9,드럼,1120036260,1120036380,1120030477,1120030477,1
1077,280,1,2,개인 연습,1120031340,1120031460,1120030512,1120030512,1
1078,131,1,8,춤연습 ,1120052040,1120052160,1120030560,1120030560,1
1079,218,1,9,밴드 연습,1120050180,1120050300,1120030560,1120030560,1
1083,185,1,9,드럼 연습,1120035840,1120035960,1120031233,1120031233,1
1084,185,1,9,드럼 연습,1120037220,1120037340,1120031234,1120031234,1
1085,185,1,9,드럼 연습,1120038120,1120038240,1120031234,1120031234,1
1086,183,1,11,공연 연습,1120047540,1120047660,1120031342,1120031342,1
1087,183,1,11,공연 연습,1120057620,1120057740,1120031354,1120031354,1
1088,100,1,4,piano,1120032900,1120033020,1120031428,1120031428,1
1089,245,40,9,마요네즈 합주,1120036080,1120036200,1120031491,1120031491,1
1090,240,39,7,새내기학생회 소팀2,1120051860,1120052040,1120031669,1120031669,1
1091,16,1,4,Piano,1120034580,1120034700,1120031740,1120031740,1
1092,16,1,4,piano,1120036020,1120036140,1120031746,1120031746,1
1097,202,1,11,이박터,1120054860,1120055040,1120031892,1120031892,1
1098,202,1,11,이박터,1120062060,1120062240,1120031900,1120031900,1
1099,202,1,11,이박터,1120064940,1120065120,1120031900,1120031900,1
1114,167,1,5,피아노 연습,1120032720,1120032840,1120031951,1120031951,1
1116,131,1,8,춤연습,1120053360,1120053480,1120032079,1120032079,1
1118,24,12,8,일루젼 정기연습,1120052160,1120052280,1120032587,1120032587,1
1119,122,1,7,상상효과 팀장회의,1120053360,1120053540,1120032871,1120032871,1
1124,81,1,8,안무연습,1120050300,1120050420,1120033009,1120033009,1
1127,127,1,11,[Number] 가을 정기 공연 연습,1120094460,1120095300,1120033088,1120033088,1
1128,167,1,5,피아노 연습,1120034160,1120034280,1120033221,1120033221,1
1129,280,1,2,개인 연습,1120033620,1120033740,1120033244,1120033244,1
1130,96,1,8,연습,1120043160,1120043280,1120033284,1120033284,1
1131,24,12,8,일루젼 정기연습,1120053600,1120053660,1120033490,1120033490,1
1132,284,1,2,개인 연습,1120036020,1120036140,1120033522,1120033522,1
1135,55,1,5,연습,1120035840,1120035960,1120033616,1120033616,1
1137,7,9,11,[대학원 총학생회 졸업준비위원회] 2025년도 가을학기 졸업앨범 촬영,1120144800,1120145460,1120034124,1120034124,1
1138,7,9,11,[대학원 총학생회 졸업준비위원회] 2025년도 가을학기 졸업앨범 촬영,1120146240,1120146900,1120034124,1120034124,1
1139,7,9,11,[대학원 총학생회 졸업준비위원회] 2025년도 가을학기 졸업앨범 촬영,1120147680,1120148340,1120034124,1120034124,1
1140,7,9,11,[대학원 총학생회 졸업준비위원회] 2025년도 가을학기 졸업앨범 촬영,1120149120,1120149780,1120034124,1120034124,1
1141,7,9,11,[대학원 총학생회 졸업준비위원회] 2025년도 가을학기 졸업앨범 촬영,1120150560,1120151220,1120034124,1120034124,1
1142,202,1,11,이박터,1120051440,1120051860,1120034243,1120034243,1
1144,202,1,11,이박터,1120066380,1120066500,1120034245,1120034245,1
1146,202,1,11,이박터,1120068720,1120069320,1120034247,1120034247,1
1147,96,1,1,연습,1120038360,1120038480,1120034255,1120034255,1
1148,48,1,4,피아노 연습,1120035840,1120035960,1120034278,1120034278,1
1154,144,1,1,개인연습,1120037400,1120037520,1120034400,1120034400,1
1155,241,1,2,동아리 보컬 연습,1120036260,1120036320,1120034699,1120034699,1
1156,231,1,1,악기연습,1120036020,1120036140,1120034776,1120034776,1
1157,131,1,8,춤연습,1120056360,1120056480,1120034882,1120034882,1
1159,287,1,9,밴드 연습,1120050300,1120050420,1120035595,1120035595,1
1161,107,1,9,Practice,1120038960,1120039080,1120035721,1120035721,1
1162,107,1,9,Practice,1120040400,1120040520,1120035721,1120035721,1
1163,29,13,6,동연 - SPARCS 전산화 미팅,1120040040,1120040100,1120035790,1120035790,1
1166,234,1,4,피아노 연습,1120037640,1120037700,1120036008,1120036008,1
1170,202,1,11,이박터,1120101840,1120102500,1120036333,1120036333,1
1171,256,1,7,소팀1 회의,1120053540,1120053720,1120036981,1120036981,1
1172,256,1,7,소팀1 회의,1120057680,1120057860,1120036982,1120036982,1
1173,256,1,7,소팀1 회의,1120047600,1120047780,1120036982,1120036982,1
1174,44,1,9,공연 합주 연습,1120046100,1120046220,1120037120,1120037120,1
1175,211,1,9,합주,1120044120,1120044240,1120037288,1120037288,1
1176,33,1,6,과학퀴즈,1120055700,1120055820,1120037617,1120037617,1
1177,21,1,9,드럼,1120040040,1120040160,1120037724,1120037724,1
1178,24,12,8,일루젼 정기연습,1120057800,1120057920,1120037820,1120037820,1
1179,202,1,11,이박터,1120103280,1120103700,1120037909,1120037909,1
1180,53,1,1,악기연습,1120041720,1120041840,1120038456,1120038456,1
1181,53,1,1,악기연습,1120043160,1120043280,1120038456,1120038456,1
1182,53,1,1,악기연습,1120046040,1120046160,1120038457,1120038457,1
1183,177,1,8,일루젼 정기연습,1120057740,1120057800,1120038666,1120038666,1
1184,259,1,3,개인 연습,1120040400,1120040520,1120038746,1120038746,1
1185,292,1,11,카이스트 미식축구부 매버릭스 합숙 세미나,1120058700,1120058820,1120038883,1120038883,1
1186,105,1,1,개인연습,1120040640,1120040760,1120039153,1120039153,1
1187,220,1,11,넘버,1120104540,1120105380,1120039200,1120039200,1
1189,177,1,8,일루젼 카이스트,1120059120,1120059240,1120039299,1120039299,1
1190,123,1,8,Number,1120042680,1120042800,1120040587,1120040587,1
1191,280,1,3,개인 연습,1120041480,1120041600,1120040603,1120040603,1
1192,265,1,9,Practice,1120047600,1120047720,1120040644,1120040644,1
1194,100,1,4,피아노,1120042680,1120042800,1120041443,1120041443,1
1195,202,1,11,이박터,1120077900,1120078020,1120041548,1120041548,1
1196,202,1,11,이박터,1120106160,1120106580,1120041550,1120041550,1
1197,292,1,11,카이스트 미식축구부 매버릭스 합숙 세미나,1120058820,1120059000,1120041576,1120041576,1
1199,295,1,11,무대 연습,1120057560,1120057620,1120041584,1120041584,1
1200,81,1,8,안무연습,1120051560,1120051680,1120041641,1120041641,1
1202,202,1,11,이박터,1120061640,1120061940,1120041836,1120041836,1
1203,202,1,11,이박터,1120073580,1120073700,1120041837,1120041837,1
1204,202,1,11,이박터,1120076460,1120076580,1120041838,1120041838,1
1208,240,1,7,새내기학생회 소팀2,1120054860,1120055040,1120041966,1120041966,1
1214,297,1,7,KAMF X 카포전 합동 2차 간담회,1120046100,1120046280,1120042313,1120042313,1
1215,225,1,5,Piano practice,1120044660,1120044720,1120043145,1120043145,1
1216,7,9,4,[공간위] 피아노 조율 및 수리,1120045560,1120045680,1120043200,1120043200,1
1217,7,9,5,[공간위] 피아노 조율 및 수리,1120045560,1120045680,1120043200,1120043200,1
1221,200,1,9,연습,1120046340,1120046400,1120043415,1120043415,1
1222,24,12,8,일루젼 정기연습,1120062240,1120062360,1120043565,1120043565,1
1223,131,1,9,연습,1120053300,1120053420,1120044233,1120044233,1
1224,44,1,9,공연 합주 연습,1120056180,1120056300,1120044332,1120044332,1
1225,250,1,8,Practice Session,1120048800,1120048920,1120044356,1120044356,1
1226,24,12,8,일루젼 정기연습,1120063680,1120063740,1120044464,1120044464,1
1227,51,1,4,개인연습,1120046100,1120046220,1120044549,1120044549,1
1228,48,1,4,피아노 연습,1120045980,1120046100,1120044648,1120044648,1
1229,259,1,5,개인연습,1120046160,1120046280,1120044729,1120044729,1
1230,259,1,5,개인연습,1120047300,1120047420,1120044731,1120044731,1
1231,177,1,8,일루젼 카이스트,1120060560,1120060680,1120044744,1120044744,1
1232,177,1,8,일루젼 카이스트,1120063440,1120063560,1120044745,1120044745,1
1234,227,1,9,애드립,1120048680,1120048800,1120044818,1120044818,1
1235,227,1,9,애드립,1120054860,1120054980,1120044821,1120044821,1
1236,280,1,3,개인 연습,1120045440,1120045560,1120044872,1120044872,1
1238,312,1,7,대학원생 모임 회의,1120056180,1120056360,1120045682,1120045682,1
1239,285,1,8,카포전 준비,1120061820,1120061940,1120045711,1120045711,1
1241,55,1,5,연습,1120047420,1120047540,1120045878,1120045878,1
1243,161,1,9,AI Band,1120051920,1120052040,1120046021,1120046021,1
1244,266,1,4,피아노실 대관,1120047060,1120047180,1120046280,1120046280,1
1246,131,1,8,춤 연습,1120054620,1120054740,1120047098,1120047098,1
1249,127,1,11,[Number] 가을 정기공연 연습,1120111740,1120112580,1120047844,1120047844,1
1250,173,12,8,일루젼 카이스트,1120069320,1120069440,1120048080,1120048080,1
1251,173,12,8,일루젼 카이스트,1120059240,1120059360,1120048080,1120048080,1
1252,173,12,8,일루젼 카이스트,1120060680,1120060800,1120048080,1120048080,1
1253,173,12,8,일루젼 카이스트,1120062120,1120062240,1120048081,1120048081,1
1254,173,1,8,일루젼 카이스트,1120063560,1120063680,1120048996,1120048996,1
1255,173,1,8,일루젼 카이스트,1120065000,1120065120,1120048996,1120048996,1
1256,166,59,8,일루젼 카이스트,1120053480,1120053600,1120049003,1120049003,1
1257,166,59,8,일루젼 카이스트,1120054920,1120055040,1120049004,1120049004,1
1258,327,1,4,연습,1120049880,1120050000,1120049155,1120049155,1
1260,127,1,6,[Number] 팀장회의,1120054920,1120054980,1120049376,1120049376,1
1261,127,1,6,[Number] 팀장회의,1120060680,1120060740,1120049376,1120049376,1
1262,127,1,6,[Number] 팀장회의,1120065000,1120065060,1120049376,1120049376,1
1263,3,1,7,메인비즈 미팅,1120053120,1120053360,1120050311,1120050311,1
1264,333,1,1,개인 악기 연습,1120053360,1120053480,1120050344,1120050344,1
1265,335,1,4,피아노 연습,1120053180,1120053300,1120050466,1120050466,1
1267,53,1,1,악기연습,1120051800,1120051920,1120050650,1120050650,1
1268,53,1,1,악기연습,1120053240,1120053360,1120050650,1120050650,1
1269,53,1,1,악기연습,1120056120,1120056240,1120050651,1120050651,1
1271,280,1,3,개인연습,1120054500,1120054620,1120051498,1120051498,1
1272,16,1,4,연습,1120053000,1120053120,1120051542,1120051542,1
1273,16,1,4,연습,1120054740,1120054860,1120051542,1120051542,1
1274,268,1,5,피아노 연습,1120053300,1120053360,1120051664,1120051664,1
1275,279,1,3,연습,1120054740,1120054860,1120051939,1120051939,1
1276,299,1,4,연습,1120052160,1120052280,1120052003,1120052003,1
1277,51,1,4,개인연습,1120053300,1120053420,1120052023,1120052023,1
1278,202,1,11,이박터,1120066020,1120066260,1120052114,1120052114,1
1279,273,1,3,기타 연습,1120052820,1120052940,1120052117,1120052117,1
1281,352,1,4,연습,1120054440,1120054500,1120052853,1120052853,1
1282,236,1,2,연습,1120054380,1120054500,1120053144,1120053144,1
1283,236,1,2,연습,1120055820,1120055940,1120053144,1120053144,1
1284,236,1,2,연습,1120057260,1120057380,1120053144,1120053144,1
1285,220,1,11,우당탕탕 영화부,1120076580,1120076820,1120053258,1120053258,1
1286,232,1,4,연습,1120053600,1120053720,1120053361,1120053361,1
1287,353,1,12,재봉틀 사용,1120054140,1120054200,1120053383,1120053383,1
1288,310,1,1,개인 악기 연습,1120053600,1120053720,1120053500,1120053500,1
1289,299,1,5,연습,1120053600,1120053720,1120053565,1120053565,1
1291,160,1,9,합주,1120057380,1120057500,1120053614,1120053614,1
1314,300,1,8,연습,1120074960,1120075080,1120054174,1120054174,1
1315,96,1,8,연습,1120060320,1120060440,1120054235,1120054235,1
1316,202,1,8,이박터,1120074660,1120074780,1120054392,1120054392,1
1317,202,1,8,이박터,1120063140,1120063260,1120054393,1120054393,1
1318,202,1,11,이박터,1120073220,1120073400,1120054398,1120054398,1
1319,202,1,11,이박터,1120076100,1120076280,1120054401,1120054401,1
1320,202,1,8,이박터,1120064580,1120064700,1120054404,1120054404,1
1321,202,1,11,이박터,1120077540,1120077720,1120054406,1120054406,1
1322,202,1,11,이박터,1120078980,1120079460,1120054407,1120054407,1
1323,202,1,11,이박터,1120080420,1120080900,1120054407,1120054407,1
1324,202,1,11,이박터,1120089060,1120089540,1120054409,1120054409,1
1325,202,1,11,이박터,1120090500,1120090980,1120054409,1120054409,1
1326,202,1,11,이박터,1120083300,1120083480,1120054409,1120054409,1
1327,202,1,11,이박터,1120083660,1120083840,1120054410,1120054410,1
1328,202,1,11,이박터,1120086180,1120086360,1120054411,1120054411,1
1329,202,1,11,이박터,1120087620,1120087800,1120054411,1120054411,1
1330,202,1,11,이박터,1120087980,1120088160,1120054412,1120054412,1
1331,202,1,11,이박터,1120099140,1120099620,1120054414,1120054414,1
1332,202,1,11,이박터,1120100580,1120101060,1120054414,1120054414,1
1333,202,1,11,이박터,1120093380,1120093560,1120054415,1120054415,1
1334,202,1,11,이박터,1120096260,1120096440,1120054415,1120054415,1
1335,202,1,11,이박터,1120097700,1120097880,1120054415,1120054415,1
1337,202,1,11,이박터,1120093740,1120093920,1120054416,1120054416,1
1339,202,1,11,이박터,1120103820,1120104000,1120054419,1120054419,1
1340,352,1,4,연습,1120055940,1120056000,1120054455,1120054455,1
1341,211,1,9,합주,1120057080,1120057200,1120054486,1120054486,1
1343,122,1,7,상상효과 팀장회의,1120074960,1120075140,1120054584,1120054584,1
1344,161,1,4,practice,1120056180,1120056300,1120054610,1120054610,1
1345,299,1,4,연습,1120055040,1120055160,1120054669,1120054669,1
1346,186,1,5,연습,1120055880,1120056000,1120054805,1120054805,1
1347,240,1,7,새내기학생회 소팀2,1120061940,1120062120,1120054881,1120054881,1
1348,240,1,7,새내기학생회 소팀2,1120066260,1120066440,1120054881,1120054881,1
1350,7,56,11,[VOK] 모의방송제 및 홈커밍 행사,1120110240,1120110960,1120054963,1120054963,1
1351,7,54,11,[상상효과] 자체 부스 시뮬레이션,1120096620,1120097040,1120054965,1120054965,1
1352,7,54,11,[상상효과] 전체 소집 시뮬레이션,1120123920,1120124400,1120054966,1120054966,1
1353,7,54,11,[상상효과] 일반 부스 시뮬레이션,1120106700,1120107120,1120054967,1120054967,1
1354,7,54,11,[상상효과] 전체 소집 시뮬레이션 및 실무교육,1120128240,1120128720,1120054967,1120054967,1
1356,7,54,6,[상상효과] 전체 소집 시뮬레이션 및 실무교육,1120141980,1120142460,1120054969,1120054969,1
1357,7,54,11,[상상효과] 포스텍 서포터즈 쉼터,1120139520,1120142880,1120054970,1120054970,1
1359,7,54,7,[상상효과] 2차 실무교육,1120138320,1120138560,1120054975,1120054975,1
1360,7,54,11,[상상효과] 합동 부스 시뮬레이션,1120118160,1120118640,1120054979,1120054979,1
1361,202,1,11,이박터,1120107360,1120107480,1120055082,1120055082,1
1362,345,1,5,피아노 연습,1120057320,1120057440,1120055144,1120055144,1
1363,107,1,9,Practice,1120060560,1120060680,1120055689,1120055689,1
1364,285,1,8,카포전준비,1120064700,1120064820,1120055851,1120055851,1
1365,127,1,11,[Number] 가을 정기공연 연습,1120116060,1120116900,1120055998,1120055998,1
1366,292,1,11,카이스트 미식축구부 매버릭스 합숙 세미나,1120069980,1120070160,1120056008,1120056008,1
1367,292,1,11,카이스트 미식축구부 매버릭스 합숙 세미나,1120072860,1120073040,1120056008,1120056008,1
1368,292,1,11,카이스트 미식축구부 매버릭스 합숙 세미나,1120075740,1120075920,1120056009,1120056009,1
1369,292,1,11,카이스트 미식축구부 매버릭스 합숙 세미나,1120077180,1120077360,1120056009,1120056009,1
1370,292,1,11,카이스트 미식축구부 매버릭스 합숙 세미나,1120078620,1120078800,1120056009,1120056009,1
1371,299,1,5,연습,1120056480,1120056600,1120056013,1120056013,1
1372,7,54,7,[카포전] PBS(포항공대 방송국),1120140000,1120142880,1120056068,1120056068,1
1373,7,54,8,[카포전] 선수단 대기실,1120141440,1120142880,1120056069,1120056069,1
1374,237,1,8,연습,1120076520,1120076640,1120056077,1120056077,1
1375,131,1,8,춤연습,1120076220,1120076340,1120056080,1120056080,1
1398,3,70,8,인성/리더쉽III : Movement and Rhythm,1120140900,1120141020,1120056116,1120056116,1
1399,3,70,8,인성/리더쉽III : Movement and Rhythm,1120150980,1120151100,1120056116,1120056116,1
1400,3,70,8,인성/리더쉽III : Movement and Rhythm,1120163940,1120164060,1120056116,1120056116,1
1401,3,70,8,인성/리더쉽III : Movement and Rhythm,1120174020,1120174140,1120056116,1120056116,1
1402,3,70,8,인성/리더쉽III : Movement and Rhythm,1120184100,1120184220,1120056116,1120056116,1
1403,3,70,8,인성/리더쉽III : Movement and Rhythm,1120194180,1120194300,1120056116,1120056116,1
1404,3,70,8,인성/리더쉽III : Movement and Rhythm,1120204260,1120204380,1120056116,1120056116,1
1405,3,70,8,인성/리더쉽III : Movement and Rhythm,1120215780,1120215900,1120056116,1120056116,1
1406,3,70,8,인성/리더쉽III : Movement and Rhythm,1120225860,1120225980,1120056116,1120056116,1
1407,3,70,8,인성/리더쉽III : Movement and Rhythm,1120235940,1120236060,1120056116,1120056116,1
1408,3,70,8,인성/리더쉽III : Movement and Rhythm,1120246020,1120246140,1120056116,1120056116,1
1409,3,70,8,인성/리더쉽III : Movement and Rhythm,1120258980,1120259100,1120056116,1120056116,1
1410,3,70,8,인성/리더쉽III : Movement and Rhythm,1120269060,1120269180,1120056116,1120056116,1
1414,3,70,8,인성/리더쉽III : Movement and Rhythm,1120130820,1120130940,1120056121,1120060424,1
1415,356,1,3,개인 악기 연습,1120058460,1120058520,1120057091,1120057091,1
1416,44,1,9,공연 합주 연습,1120066260,1120066380,1120057145,1120057145,1
1417,367,1,6,KAIST Lawgical 포릿 세션,1120061640,1120061820,1120057200,1120057200,1
1418,7,71,6,인성/리더십 III : 전략게임의 세계,1120125300,1120125420,1120057245,1120057245,1
1419,7,71,6,인성/리더십 III : 전략게임의 세계,1120135380,1120135500,1120057245,1120057245,1
1420,7,71,6,인성/리더십 III : 전략게임의 세계,1120145460,1120145580,1120057245,1120057245,1
1421,7,71,6,인성/리더십 III : 전략게임의 세계,1120155540,1120155660,1120057245,1120057245,1
1422,7,71,6,인성/리더십 III : 전략게임의 세계,1120168500,1120168620,1120057245,1120057245,1
1423,7,71,6,인성/리더십 III : 전략게임의 세계,1120178580,1120178700,1120057245,1120057245,1
1424,7,71,6,인성/리더십 III : 전략게임의 세계,1120188660,1120188780,1120057245,1120057245,1
1425,7,71,6,인성/리더십 III : 전략게임의 세계,1120198740,1120198860,1120057245,1120057245,1
1426,7,71,6,인성/리더십 III : 전략게임의 세계,1120210260,1120210380,1120057245,1120057245,1
1427,7,71,6,인성/리더십 III : 전략게임의 세계,1120220340,1120220460,1120057245,1120057245,1
1428,7,71,6,인성/리더십 III : 전략게임의 세계,1120230420,1120230540,1120057245,1120057245,1
1429,7,71,6,인성/리더십 III : 전략게임의 세계,1120240500,1120240620,1120057245,1120057245,1
1430,7,71,6,인성/리더십 III : 전략게임의 세계,1120253460,1120253580,1120057245,1120057245,1
1431,127,1,10,[Number] 가을 정기공연,1120120380,1120121280,1120057263,1120057263,1
1432,127,1,10,[Number] 가을 정기공연,1120121820,1120122660,1120057264,1120057264,1
1434,370,1,4,피아노 연습,1120063200,1120063260,1120057747,1120057747,1
1436,127,1,10,[Number] 가을 정기공연,1120123260,1120124100,1120057920,1120057920,1
1437,127,1,10,[Number] 가을 정기공연,1120119840,1120120080,1120057921,1120057921,1
1439,152,1,9,드럼 연습,1120063140,1120063260,1120058534,1120058534,1
1440,152,1,9,드럼 연습,1120064580,1120064700,1120058534,1120058534,1
1441,152,1,9,드럼 연습,1120066020,1120066140,1120058534,1120058534,1
1442,345,1,5,피아노연습,1120060200,1120060320,1120058964,1120058964,1
1443,16,1,4,연습,1120064700,1120064820,1120059305,1120059305,1
1444,16,1,4,연습,1120066260,1120066380,1120059306,1120059306,1
1445,16,1,4,연습,1120069080,1120069200,1120059306,1120059306,1
1446,16,1,4,연습,1120061940,1120062060,1120059310,1120059310,1
1447,373,1,9,합주,1120064460,1120064580,1120059404,1120059404,1
1448,373,1,9,합주,1120065900,1120066020,1120059404,1120059404,1
1449,237,1,8,연습,1120079280,1120079400,1120060212,1120060212,1
1450,375,1,11,뮤지컬 관극,1120075140,1120075320,1120060336,1120060336,1
1451,53,1,1,개인연습,1120061880,1120062000,1120060345,1120060345,1
1452,53,1,1,개인연습,1120063320,1120063440,1120060345,1120060345,1
1453,53,1,1,개인연습,1120064760,1120064880,1120060347,1120060347,1
1454,200,1,9,드럼연습,1120062780,1120062840,1120060499,1120060499,1
1455,280,1,3,개인연습,1120061700,1120061820,1120060676,1120060676,1
1456,236,1,1,개인연습,1120061580,1120061700,1120060684,1120060684,1
1457,127,72,10,[Number] 가을 정기 공연,1120124700,1120125540,1120060713,1120060713,1
1458,356,1,3,개인 악기 연습,1120061400,1120061460,1120060780,1120060780,1
1459,21,1,9,드럼,1120064820,1120064940,1120061389,1120061389,1
1460,316,57,11,루나틱 오픈동방배틀,1120115160,1120115460,1120061595,1120061595,1
1461,316,57,11,루나틱 개강총회 ,1120123800,1120123920,1120061608,1120061608,1
1462,93,1,8,행사준비,1120071480,1120071600,1120061739,1120061739,1
1463,93,1,8,행사연습,1120074840,1120074960,1120061746,1120061746,1
1464,189,1,6,천문 세미나,1120072920,1120073040,1120061868,1120061868,1
1465,189,1,7,천문 세미나,1120072920,1120073040,1120061872,1120061872,1
1466,189,1,7,천문 세미나,1120073100,1120073160,1120061874,1120061874,1
1467,189,1,6,천문 세미나,1120073100,1120073160,1120061874,1120061874,1
1468,189,1,6,천문세미나,1120078680,1120078860,1120061875,1120061875,1
1469,189,1,7,천문세미나,1120078680,1120078860,1120061875,1120061875,1
1470,304,48,10,동틀 x 티디 x 창동 연합 개강공연,1120127040,1120128420,1120061982,1120061982,1
1471,14,1,8,후기새터기획단 소팀 2 시뮬레이션,1120066440,1120068060,1120062066,1120062066,1
1472,7,56,11,[VOK] 모의방송제 리허설,1120109040,1120109460,1120062139,1120062139,1
1473,251,41,11,[KAIST CHORUS] 뮤지컬 갈라쇼 리허설,1120129800,1120130040,1120062317,1120062317,1
1474,251,41,11,[KAIST CHORUS] 뮤지컬 갈라쇼,1120130880,1120131300,1120062318,1120062318,1
1475,3,13,7,제 10차 운영위원회,1120068840,1120069560,1120063498,1120063498,1
1476,3,13,7,제 11차 운영위원회,1120070280,1120071000,1120063499,1120063499,1
1477,21,1,9,드럼,1120070160,1120070280,1120064797,1120064797,1
1478,123,72,8,Number,1120082160,1120082280,1120065281,1120065281,1
1479,270,1,4,연습,1120070640,1120070760,1120066361,1120066361,1
1480,7,41,11,KAIST CHORUS 홈커밍데이,1120152120,1120152720,1120066440,1120066440,1
1482,383,1,11,VOK 모의방송제 사전답사,1120082940,1120083180,1120066547,1120066547,1
1483,14,1,11,후기 새내기새로배움터 소팀 2 시뮬레이션,1120073700,1120073880,1120068345,1120068345,1
1484,14,1,11,후기 새내기새로배움터 소팀 2 시뮬레이션,1120078020,1120078200,1120068345,1120068345,1
1485,96,1,8,연습,1120077300,1120077420,1120068639,1120068639,1
1486,285,1,8,연습,1120075140,1120075260,1120068770,1120068770,1
1487,393,1,8,연습,1120075260,1120075380,1120068772,1120068772,1
1488,48,1,4,연습,1120070460,1120070520,1120068810,1120068810,1
1489,180,1,4,연습,1120071720,1120071780,1120069048,1120069048,1
1490,96,1,8,연습,1120085040,1120085160,1120069102,1120069102,1
1491,227,1,9,버스킹,1120073580,1120073700,1120069214,1120069214,1
1492,345,1,5,피아노연습,1120080360,1120080480,1120069398,1120069398,1
1493,16,1,4,연습,1120073460,1120073580,1120070023,1120070023,1
1494,16,1,4,연습,1120074600,1120074720,1120070023,1120070023,1
1495,16,1,4,연습,1120077780,1120077900,1120070024,1120070024,1
1496,100,1,6,회의,1120077240,1120077360,1120070214,1120070214,1
1497,48,1,4,연습,1120073280,1120073400,1120070608,1120070608,1
1499,245,40,9,마요네즈,1120077780,1120077900,1120070748,1120070748,1
1500,53,1,1,개인 연습,1120074840,1120074960,1120070827,1120070827,1
1501,53,1,1,개인 연습,1120073400,1120073520,1120070827,1120070827,1
1502,53,1,1,개인 연습,1120076280,1120076400,1120070827,1120070827,1
1503,403,75,7,학생복지위원회,1120080240,1120080420,1120072153,1120072153,1
1504,127,1,6,[Number] 팀장회의,1120076520,1120076580,1120072177,1120072177,1
1505,127,1,6,[Number] 팀장회의,1120082280,1120082340,1120072177,1120072177,1
1506,127,1,6,[Number] 팀장회의,1120086600,1120086660,1120072177,1120072177,1
1507,127,1,6,[Number] 팀장회의,1120092360,1120092420,1120072177,1120072177,1
1508,392,1,8,VOK 연극 점검,1120081980,1120082100,1120072338,1120072338,1
1509,392,1,8,VOK,1120093440,1120093560,1120072342,1120072342,1
1510,404,1,11,vok,1120107660,1120108020,1120072349,1120072349,1
1511,404,1,8,vok,1120093260,1120093380,1120072351,1120072351,1
1512,93,1,8,행사준비,1120080660,1120080780,1120072883,1120072883,1
1515,93,1,8,행사준비,1120078620,1120078740,1120072887,1120072887,1
1516,93,1,8,행사준비,1120081500,1120081620,1120072892,1120072892,1
1517,182,1,12,EWB-KAIST,1120087500,1120087860,1120073062,1120073062,1
1518,202,1,8,이박터,1120084740,1120084860,1120073157,1120073157,1
1519,259,1,3,개인연습,1120074960,1120075080,1120073253,1120073253,1
1520,236,1,1,연습,1120075920,1120075980,1120073299,1120073299,1
1521,236,1,1,연습,1120077360,1120077420,1120073299,1120073299,1
1522,236,1,1,연습,1120078800,1120078860,1120073299,1120073299,1
1526,3,13,11,2025 하반기 동아리박람회,1120117680,1120118100,1120073572,1120073572,1
1527,227,1,9,버스킹,1120085040,1120085160,1120073737,1120073737,1
1528,240,39,7,새내기학생회 소팀2,1120077780,1120077960,1120073894,1120073894,1
1529,203,1,5,개인연습,1120076400,1120076520,1120074499,1120074499,1
1530,173,1,4,개인 연습,1120076040,1120076160,1120074502,1120074502,1
1533,17,1,2,개인 연습,1120076340,1120076460,1120074520,1120074520,1
1534,17,1,2,개인 연습,1120076640,1120076760,1120074521,1120074521,1
1535,122,54,7,상상효과 팀장회의,1120085040,1120085220,1120074606,1120074606,1
1536,122,54,11,행사준비위원회 상상효과 자체부스 시뮬레이션,1120098060,1120098480,1120074658,1120074658,1
1537,407,1,5,연습,1120076280,1120076340,1120074792,1120074792,1
1538,144,1,2,개인연습,1120078860,1120078980,1120074846,1120074846,1
1550,345,1,5,피아노 연습,1120077780,1120077900,1120075795,1120075795,1
1551,21,1,9,드럼,1120079220,1120079340,1120076062,1120076062,1
1552,191,1,9,밴드 합주 ,1120083420,1120083540,1120076078,1120076078,1
1553,270,1,2,개인연습,1120077960,1120078020,1120076306,1120076306,1
1555,280,1,3,개인연습,1120077900,1120078020,1120076349,1120076349,1
1556,237,1,8,연습,1120095120,1120095240,1120077437,1120077437,1
1557,288,1,9,합쥬,1120089000,1120089120,1120077534,1120077534,1
1558,288,1,9,합쥬오예,1120090200,1120090320,1120077536,1120077536,1
1559,419,1,9,합주,1120089120,1120089240,1120077537,1120077537,1
1560,419,1,9,합주,1120090380,1120090500,1120077538,1120077538,1
1561,316,57,11,Lunatic 장르선정회의,1120129680,1120129800,1120077609,1120077609,1
1564,17,76,10,Praiser 정기공연,1120135680,1120137060,1120077667,1120077667,1
1565,17,76,10,Praiser 정기공연 리허설,1120134240,1120135620,1120077668,1120077668,1
1566,17,76,10,Praiser 정기공연 총연습,1120125600,1120126980,1120077670,1120077670,1
1567,383,1,11,[VOK] 모의방송제 사전답사,1120100280,1120100460,1120077944,1120077944,1
1591,204,1,9,합주주,1120089360,1120089480,1120079060,1120079060,1
1592,204,1,9,ㅎㅈ,1120090500,1120090620,1120079062,1120079062,1
1593,44,1,9,공연 합주 연습,1120083600,1120083720,1120079149,1120079149,1
1596,346,1,8,개인연습,1120083720,1120083840,1120079406,1120079406,1
1597,422,1,9,Practice ,1120082340,1120082400,1120079447,1120079447,1
1600,202,1,8,이박터,1120094820,1120094940,1120080441,1120080441,1
1601,280,1,1,개인연습,1120083240,1120083360,1120081500,1120081500,1
1602,245,40,9,마요네즈,1120087860,1120087980,1120081835,1120081835,1
1611,16,55,10,가을 개강공연,1120137120,1120138500,1120083058,1120083058,1
1612,16,1,4,연습,1120084980,1120085100,1120083139,1120083139,1
1613,16,1,4,연습,1120087860,1120087980,1120083140,1120083140,1
1614,280,1,3,개인 연습,1120086360,1120086480,1120083144,1120083144,1
1615,48,1,4,연습,1120087740,1120087860,1120083189,1120083189,1
1616,51,1,5,개인 연습,1120084980,1120085100,1120083250,1120083250,1
1617,51,1,4,개인 연습,1120097940,1120098060,1120083251,1120083251,1
1618,431,1,13,비긴어게인 버스킹 공연,1120119540,1120119660,1120083257,1120083257,1
1622,432,1,2,개인연습,1120086600,1120086720,1120083303,1120083303,1
1623,433,1,1,Violin Practice,1120084860,1120084980,1120083408,1120083408,1
1624,48,1,9,연습,1120096500,1120096620,1120083577,1120083577,1
1625,385,1,8,VOK 무대 멘트 연습,1120096140,1120096260,1120083673,1120083673,1
1628,274,81,10,KBU,1120144320,1120145700,1120083701,1120083701,1
1631,274,81,10,KBU,1120142880,1120144260,1120083748,1120083748,1
1632,21,1,9,드럼,1120087320,1120087440,1120083862,1120083862,1
1633,345,1,5,피아노연습,1120086420,1120086540,1120083862,1120083862,1
1634,21,1,9,드럼,1120089240,1120089360,1120083862,1120083862,1
1638,274,81,10,KBU,1120140000,1120141380,1120084153,1120084153,1
1639,274,81,10,KBU,1120141440,1120142820,1120084153,1120084153,1
1640,185,1,9,드럼 연습,1120091760,1120091880,1120084447,1120084447,1
1641,436,1,8,Dance Practice,1120088040,1120088160,1120084516,1120084516,1
1642,438,1,8,VOK 무대 멘트 연습,1120096260,1120096380,1120084809,1120084809,1
1643,412,80,10,강적 개강공연,1120131360,1120132740,1120084942,1120084942,1
1644,439,1,4,개인연습,1120086600,1120086660,1120085002,1120085002,1
1646,202,1,8,이박터,1120105200,1120105320,1120085365,1120085365,1
1647,44,1,9,공연 준비,1120093680,1120093800,1120086138,1120086138,1
1649,1,68,11,협동조합 음악강좌 (플루트),1120125240,1120125420,1120086175,1120086175,1
1650,1,68,11,협동조합 음악강좌 (플루트),1120135320,1120135500,1120086175,1120086175,1
1651,1,68,11,협동조합 음악강좌 (플루트),1120138200,1120138380,1120086175,1120086175,1
1652,1,68,11,협동조합 음악강좌 (플루트),1120155480,1120155660,1120086179,1120086179,1
1653,1,68,11,협동조합 음악강좌 (플루트),1120168440,1120168620,1120086179,1120086179,1
1654,1,68,11,협동조합 음악강좌 (플루트),1120188600,1120188780,1120086179,1120086179,1
1655,1,68,11,협동조합 음악강좌 (플루트),1120198680,1120198860,1120086179,1120086179,1
1656,1,68,11,협동조합 음악강좌 (플루트),1120210200,1120210380,1120086179,1120086179,1
1657,1,68,11,협동조합 음악강좌 (플루트),1120220280,1120220460,1120086179,1120086179,1
1658,1,68,11,협동조합 음악강좌 (플루트),1120230360,1120230540,1120086179,1120086179,1
1659,1,68,11,협동조합 음악강좌 (플루트),1120240440,1120240620,1120086179,1120086179,1
1660,1,68,11,협동조합 음악강좌 (플루트),1120253400,1120253580,1120086179,1120086179,1
1661,1,68,11,협동조합 음악강좌 (플루트),1120263480,1120263660,1120086179,1120086179,1
1662,1,68,11,협동조합 음악강좌 (플루트),1120273560,1120273740,1120086179,1120086179,1
1663,1,68,11,협동조합 음악강좌 (플루트),1120283640,1120283820,1120086179,1120086179,1
1664,1,68,11,협동조합 음악강좌 (플루트),1120293720,1120293900,1120086179,1120086179,1
1665,1,68,11,협동조합 음악강좌 (플루트),1120305240,1120305420,1120086179,1120086179,1
1666,1,68,11,협동조합 음악강좌 (플루트),1120315320,1120315500,1120086179,1120086179,1
1667,1,68,11,협동조합 음악강좌 (플루트),1120325400,1120325580,1120086179,1120086179,1
1668,1,68,11,협동조합 음악강좌 (플루트),1120335480,1120335660,1120086179,1120086179,1
1669,1,68,11,협동조합 음악강좌 (플루트),1120347000,1120347180,1120086179,1120086179,1
1670,1,68,11,협동조합 음악강좌 (플루트),1120357080,1120357260,1120086179,1120086179,1
1671,1,68,11,협동조합 음악강좌 (플루트),1120367160,1120367340,1120086179,1120086179,1
1672,1,68,11,협동조합 음악강좌 (플루트),1120377240,1120377420,1120086179,1120086179,1
1673,1,68,11,협동조합 음악강좌 (플루트),1120161240,1120161420,1120086179,1120086179,1
1674,1,68,11,협동조합 음악강좌 (플루트),1120171320,1120171500,1120086179,1120086179,1
1675,1,68,11,협동조합 음악강좌 (플루트),1120191480,1120191660,1120086179,1120086179,1
1676,1,68,11,협동조합 음악강좌 (플루트),1120201560,1120201740,1120086179,1120086179,1
1677,1,68,11,협동조합 음악강좌 (플루트),1120213080,1120213260,1120086179,1120086179,1
1678,1,68,11,협동조합 음악강좌 (플루트),1120223160,1120223340,1120086179,1120086179,1
1679,1,68,11,협동조합 음악강좌 (플루트),1120233240,1120233420,1120086179,1120086179,1
1680,1,68,11,협동조합 음악강좌 (플루트),1120243320,1120243500,1120086179,1120086179,1
1681,1,68,11,협동조합 음악강좌 (플루트),1120256280,1120256460,1120086179,1120086179,1
1682,1,68,11,협동조합 음악강좌 (플루트),1120266360,1120266540,1120086179,1120086179,1
1683,1,68,11,협동조합 음악강좌 (플루트),1120276440,1120276620,1120086179,1120086179,1
1684,1,68,11,협동조합 음악강좌 (플루트),1120286520,1120286700,1120086179,1120086179,1
1685,1,68,11,협동조합 음악강좌 (플루트),1120296600,1120296780,1120086179,1120086179,1
1686,1,68,11,협동조합 음악강좌 (플루트),1120308120,1120308300,1120086179,1120086179,1
1687,1,68,11,협동조합 음악강좌 (플루트),1120318200,1120318380,1120086179,1120086179,1
1688,1,68,11,협동조합 음악강좌 (플루트),1120328280,1120328460,1120086179,1120086179,1
1689,1,68,11,협동조합 음악강좌 (플루트),1120338360,1120338540,1120086179,1120086179,1
1690,1,68,11,협동조합 음악강좌 (플루트),1120349880,1120350060,1120086179,1120086179,1
1691,1,68,11,협동조합 음악강좌 (플루트),1120359960,1120360140,1120086179,1120086179,1
1692,1,68,11,협동조합 음악강좌 (플루트),1120370040,1120370220,1120086179,1120086179,1
1693,1,68,11,협동조합 음악강좌 (플루트),1120380120,1120380300,1120086179,1120086179,1
1695,1,68,8,협동조합 음악강좌 (바이올린),1120115220,1120115400,1120086181,1120086181,1
1696,1,68,8,협동조합 음악강좌 (바이올린),1120125300,1120125480,1120086181,1120086181,1
1697,1,68,8,협동조합 음악강좌 (바이올린),1120135380,1120135560,1120086181,1120086181,1
1698,1,68,8,협동조합 음악강좌 (바이올린),1120145460,1120145640,1120086181,1120086181,1
1699,1,68,8,협동조합 음악강좌 (바이올린),1120155540,1120155720,1120086181,1120086181,1
1700,1,68,8,협동조합 음악강좌 (바이올린),1120168500,1120168680,1120086181,1120086181,1
1701,1,68,8,협동조합 음악강좌 (바이올린),1120178580,1120178760,1120086181,1120086181,1
1702,1,68,8,협동조합 음악강좌 (바이올린),1120188660,1120188840,1120086181,1120086181,1
1703,1,68,8,협동조합 음악강좌 (바이올린),1120198740,1120198920,1120086181,1120086181,1
1704,1,68,8,협동조합 음악강좌 (바이올린),1120210260,1120210440,1120086181,1120086181,1
1705,1,68,8,협동조합 음악강좌 (바이올린),1120220340,1120220520,1120086181,1120086181,1
1706,1,68,8,협동조합 음악강좌 (바이올린),1120230420,1120230600,1120086181,1120086181,1
1707,1,68,8,협동조합 음악강좌 (바이올린),1120240500,1120240680,1120086181,1120086181,1
1708,1,68,8,협동조합 음악강좌 (바이올린),1120253460,1120253640,1120086181,1120086181,1
1709,1,68,8,협동조합 음악강좌 (바이올린),1120263540,1120263720,1120086181,1120086181,1
1710,1,68,8,협동조합 음악강좌 (바이올린),1120273620,1120273800,1120086181,1120086181,1
1711,1,68,8,협동조합 음악강좌 (바이올린),1120283700,1120283880,1120086181,1120086181,1
1712,1,68,8,협동조합 음악강좌 (바이올린),1120293780,1120293960,1120086181,1120086181,1
1713,1,68,8,협동조합 음악강좌 (바이올린),1120305300,1120305480,1120086181,1120086181,1
1714,1,68,8,협동조합 음악강좌 (바이올린),1120315380,1120315560,1120086181,1120086181,1
1715,1,68,8,협동조합 음악강좌 (바이올린),1120325460,1120325640,1120086181,1120086181,1
1716,1,68,8,협동조합 음악강좌 (바이올린),1120335540,1120335720,1120086181,1120086181,1
1717,1,68,8,협동조합 음악강좌 (바이올린),1120347060,1120347240,1120086181,1120086181,1
1718,1,68,8,협동조합 음악강좌 (바이올린),1120357140,1120357320,1120086181,1120086181,1
1719,1,68,8,협동조합 음악강좌 (바이올린),1120367220,1120367400,1120086181,1120086181,1
1720,1,68,8,협동조합 음악강좌 (바이올린),1120377300,1120377480,1120086181,1120086181,1
1721,1,68,8,협동조합 음악강좌 (바이올린),1120118100,1120118280,1120086181,1120086181,1
1722,1,68,8,협동조합 음악강좌 (바이올린),1120128180,1120128360,1120086181,1120086181,1
1723,1,68,8,협동조합 음악강좌 (바이올린),1120138260,1120138440,1120086181,1120086181,1
1724,1,68,8,협동조합 음악강좌 (바이올린),1120148340,1120148520,1120086181,1120086181,1
1725,1,68,8,협동조합 음악강좌 (바이올린),1120161300,1120161480,1120086181,1120086181,1
1726,1,68,8,협동조합 음악강좌 (바이올린),1120171380,1120171560,1120086181,1120086181,1
1727,1,68,8,협동조합 음악강좌 (바이올린),1120181460,1120181640,1120086181,1120086181,1
1728,1,68,8,협동조합 음악강좌 (바이올린),1120191540,1120191720,1120086181,1120086181,1
1729,1,68,8,협동조합 음악강좌 (바이올린),1120201620,1120201800,1120086181,1120086181,1
1730,1,68,8,협동조합 음악강좌 (바이올린),1120213140,1120213320,1120086181,1120086181,1
1731,1,68,8,협동조합 음악강좌 (바이올린),1120223220,1120223400,1120086181,1120086181,1
1732,1,68,8,협동조합 음악강좌 (바이올린),1120233300,1120233480,1120086181,1120086181,1
1733,1,68,8,협동조합 음악강좌 (바이올린),1120243380,1120243560,1120086181,1120086181,1
1734,1,68,8,협동조합 음악강좌 (바이올린),1120256340,1120256520,1120086181,1120086181,1
1735,1,68,8,협동조합 음악강좌 (바이올린),1120266420,1120266600,1120086181,1120086181,1
1736,1,68,8,협동조합 음악강좌 (바이올린),1120276500,1120276680,1120086181,1120086181,1
1737,1,68,8,협동조합 음악강좌 (바이올린),1120286580,1120286760,1120086181,1120086181,1
1738,1,68,8,협동조합 음악강좌 (바이올린),1120296660,1120296840,1120086181,1120086181,1
1739,1,68,8,협동조합 음악강좌 (바이올린),1120308180,1120308360,1120086181,1120086181,1
1740,1,68,8,협동조합 음악강좌 (바이올린),1120318260,1120318440,1120086181,1120086181,1
1741,1,68,8,협동조합 음악강좌 (바이올린),1120328340,1120328520,1120086181,1120086181,1
1742,1,68,8,협동조합 음악강좌 (바이올린),1120338420,1120338600,1120086181,1120086181,1
1743,1,68,8,협동조합 음악강좌 (바이올린),1120349940,1120350120,1120086181,1120086181,1
1744,1,68,8,협동조합 음악강좌 (바이올린),1120360020,1120360200,1120086181,1120086181,1
1745,1,68,8,협동조합 음악강좌 (바이올린),1120370100,1120370280,1120086181,1120086181,1
1746,1,68,8,협동조합 음악강좌 (바이올린),1120380180,1120380360,1120086181,1120086181,1
1747,1,68,8,협동조합 음악강좌 (바이올린),1120119540,1120119720,1120086181,1120086181,1
1748,1,68,8,협동조합 음악강좌 (바이올린),1120129620,1120129800,1120086181,1120086181,1
1749,1,68,8,협동조합 음악강좌 (바이올린),1120139700,1120139880,1120086181,1120086181,1
1750,1,68,8,협동조합 음악강좌 (바이올린),1120149780,1120149960,1120086181,1120086181,1
1751,1,68,8,협동조합 음악강좌 (바이올린),1120162740,1120162920,1120086181,1120086181,1
1752,1,68,8,협동조합 음악강좌 (바이올린),1120172820,1120173000,1120086181,1120086181,1
1753,1,68,8,협동조합 음악강좌 (바이올린),1120182900,1120183080,1120086181,1120086181,1
1754,1,68,8,협동조합 음악강좌 (바이올린),1120192980,1120193160,1120086181,1120086181,1
1755,1,68,8,협동조합 음악강좌 (바이올린),1120203060,1120203240,1120086181,1120086181,1
1756,1,68,8,협동조합 음악강좌 (바이올린),1120214580,1120214760,1120086181,1120086181,1
1757,1,68,8,협동조합 음악강좌 (바이올린),1120224660,1120224840,1120086181,1120086181,1
1758,1,68,8,협동조합 음악강좌 (바이올린),1120234740,1120234920,1120086181,1120086181,1
1759,1,68,8,협동조합 음악강좌 (바이올린),1120244820,1120245000,1120086181,1120086181,1
1760,1,68,8,협동조합 음악강좌 (바이올린),1120257780,1120257960,1120086181,1120086181,1
1761,1,68,8,협동조합 음악강좌 (바이올린),1120267860,1120268040,1120086181,1120086181,1
1762,1,68,8,협동조합 음악강좌 (바이올린),1120277940,1120278120,1120086181,1120086181,1
1763,1,68,8,협동조합 음악강좌 (바이올린),1120288020,1120288200,1120086181,1120086181,1
1764,1,68,8,협동조합 음악강좌 (바이올린),1120299540,1120299720,1120086181,1120086181,1
1765,1,68,8,협동조합 음악강좌 (바이올린),1120309620,1120309800,1120086181,1120086181,1
1766,1,68,8,협동조합 음악강좌 (바이올린),1120319700,1120319880,1120086181,1120086181,1
1767,1,68,8,협동조합 음악강좌 (바이올린),1120329780,1120329960,1120086181,1120086181,1
1768,1,68,8,협동조합 음악강좌 (바이올린),1120339860,1120340040,1120086181,1120086181,1
1769,1,68,8,협동조합 음악강좌 (바이올린),1120351380,1120351560,1120086181,1120086181,1
1770,1,68,8,협동조합 음악강좌 (바이올린),1120361460,1120361640,1120086181,1120086181,1
1771,1,68,8,협동조합 음악강좌 (바이올린),1120371540,1120371720,1120086181,1120086181,1
1772,1,68,8,협동조합 음악강좌 (바이올린),1120381620,1120381800,1120086181,1120086181,1
1773,1,54,7,[상상효과] 팀장회의,1120095120,1120095300,1120086294,1120086294,1
1785,44,1,9,공연 합주 연습,1120098000,1120098120,1120086735,1120086735,1
1814,3,9,11,[SCSpace] 무대시설 실측,1120095840,1120096080,1120087474,1120087474,1
1815,3,9,11,[SCSpace] 무대시설 개선 공사,1120118880,1120120920,1120087476,1120087476,1
1816,21,1,9,드럼,1120090800,1120090920,1120087545,1120087545,1
1818,3,9,7,[SCSpace] 시험기간 세미나실 예약 방지,1120174560,1120194720,1120087737,1120087737,1
1820,3,9,6,[SCSpace] 시험기간 세미나실 예약 방지,1120174560,1120178580,1120087739,1120087739,1
1821,3,9,6,[SCSpace] 시험기간 세미나실 예약 방지,1120178700,1120188660,1120087741,1120087741,1
1822,3,9,6,[SCSpace] 시험기간 세미나실 예약 방지,1120188780,1120194720,1120087741,1120087741,1
1823,385,1,8,VOK 무대 교육 연습,1120104900,1120105020,1120087741,1120087741,1
1824,452,1,9,합주,1120090680,1120090800,1120087795,1120087795,1
1825,180,1,4,연습,1120089540,1120089600,1120088099,1120088099,1
1826,44,1,9,공연 합주 연습,1120108080,1120108200,1120089212,1120089212,1
1827,227,1,9,합두,1120098120,1120098240,1120089429,1120089429,1
1828,227,1,9,합주,1120108200,1120108320,1120089430,1120089430,1
1830,288,1,1,.,1120092480,1120092600,1120089619,1120089619,1
1831,331,61,10,PlanB 개강공연,1120132800,1120134180,1120091125,1120091125,1
1832,53,1,1,개인연습,1120093560,1120093680,1120091584,1120091584,1
1833,53,1,1,개인연습,1120095000,1120095120,1120091584,1120091584,1
1834,53,1,1,개인연습,1120096440,1120096560,1120091585,1120091585,1
1835,53,1,1,개인연습,1120097880,1120098000,1120091602,1120091602,1
1836,53,1,1,개인연습,1120099320,1120099440,1120091603,1120091603,1
1837,152,1,9,밴드 연습,1120096680,1120096800,1120091710,1120091710,1
1838,56,1,9,드럼 연습,1120096080,1120096200,1120092540,1120092540,1
1839,21,1,9,드럼연습,1120097520,1120097640,1120093499,1120093499,1
1840,471,1,1,연습,1120095120,1120095240,1120093525,1120093525,1
1841,471,1,5,연습,1120095060,1120095180,1120093526,1120093526,1
1842,471,1,5,연습,1120096260,1120096380,1120093527,1120093527,1
1843,471,1,5,연습,1120103760,1120103880,1120093528,1120093528,1
1844,471,1,5,연습,1120105200,1120105320,1120093530,1120093530,1
1845,471,1,5,연습,1120106640,1120106760,1120093531,1120093531,1
1846,471,1,5,연습,1120107600,1120107720,1120093535,1120093535,1
1847,471,1,5,연습,1120108920,1120109040,1120093536,1120093536,1
1848,471,1,4,연습,1120109340,1120109460,1120093537,1120093537,1
1849,471,1,5,연습,1120110780,1120110900,1120093537,1120093537,1
1850,471,1,5,연습,1120112220,1120112340,1120093539,1120093539,1
1851,471,1,4,연습,1120110960,1120111080,1120093544,1120093544,1
1852,471,1,4,연습,1120112400,1120112520,1120093544,1120093544,1
1854,48,1,4,연습,1120095060,1120095180,1120093608,1120093608,1
1855,48,1,4,연습,1120096500,1120096620,1120093608,1120093608,1
1857,3,9,6, [SCSpace] 시험기간 세미나실 예약 방지,1120259520,1120279680,1120093657,1120093657,1
1858,3,9,7, [SCSpace] 시험기간 세미나실 예약 방지,1120259520,1120279680,1120093657,1120093657,1
1859,465,100,14,곰발바닥 개강맞이 전시회,1120128060,1120128420,1120094739,1120094739,1
1860,465,100,14,곰발바닥 개강맞이 전시회,1120128480,1120129860,1120094740,1120094740,1
1861,465,100,14,곰발바닥 개강맞이 전시회,1120129920,1120131300,1120094741,1120094741,1
1862,465,100,14,곰발바닥 개강맞이 전시회,1120131360,1120132740,1120094742,1120094742,1
1863,465,100,14,곰발바닥 개강맞이 전시회,1120132800,1120134180,1120094742,1120094742,1
1864,465,100,14,곰발바닥 개강맞이 전시회,1120134240,1120135620,1120094743,1120094743,1
1865,440,1,9,드럼 개인 연습,1120102320,1120102440,1120094834,1120094834,1
1866,440,1,9,드럼 개인 연습,1120103760,1120103880,1120094834,1120094834,1
1867,439,1,8,연습,1120098120,1120098180,1120095143,1120095143,1
1871,478,1,9,드럼연습,1120098900,1120099020,1120095379,1120095379,1
1873,477,1,6,진로 멘토링 프로그램,1120100460,1120100640,1120095442,1120095442,1
1874,280,1,2,개인 연습,1120097640,1120097760,1120096185,1120096185,1
1875,21,1,9,드럼,1120099380,1120099500,1120096204,1120096204,1
1876,53,1,1,개인연습,1120105080,1120105200,1120096333,1120096333,1
1877,53,1,1,개인연습,1120106520,1120106640,1120096333,1120096333,1
1878,53,1,1,개인연습,1120107960,1120108080,1120096333,1120096333,1
1879,53,1,1,개인연습,1120109400,1120109520,1120096333,1120096333,1
1881,471,1,5,연습,1120115280,1120115400,1120096383,1120096383,1
1882,237,1,8,연습,1120108200,1120108320,1120096442,1120096442,1
1883,43,74,11,사나래 개강미사,1120118100,1120118160,1120096576,1120096576,1
1884,55,1,5,피아노 연습,1120098180,1120098240,1120096720,1120096720,1
1885,345,1,5,피아노연습,1120099380,1120099500,1120096794,1120096794,1
1886,17,1,3,개인연습,1120099380,1120099500,1120097315,1120097315,1
1887,17,1,3,개인연습,1120099680,1120099800,1120097316,1120097316,1
1888,480,1,5,연습,1120099020,1120099140,1120097454,1120097454,1
1890,152,1,9,연습,1120100940,1120101060,1120097758,1120097758,1
1903,481,1,8,VOK 연극&무대 자율연습,1120106220,1120106340,1120097946,1120097946,1
1906,1,54,7,[상상효과] 카포전 합동회의,1120100820,1120101060,1120098151,1120098151,1
1907,341,1,1,Practice,1120100280,1120100400,1120098204,1120098204,1
1908,341,1,1,Practice,1120101720,1120101840,1120098205,1120098205,1
1909,341,1,1,Practice,1120103160,1120103280,1120098206,1120098206,1
1910,485,1,4,연습,1120100940,1120101060,1120098374,1120098374,1
1911,124,72,7,[Number] 정모,1120103880,1120103940,1120098906,1120098906,1
1912,480,1,2,연습,1120100460,1120100580,1120098941,1120098941,1
1913,463,1,1,은막 촬영,1120107660,1120107780,1120099245,1120099245,1
1914,463,1,8,은막 촬영,1120107660,1120107780,1120099246,1120099246,1
1915,481,1,8,VOK 연극 & 무대대본 자율연습 ,1120104600,1120104720,1120099421,1120099421,1
1916,248,40,9,합주,1120107960,1120108080,1120099503,1120099503,1
1917,405,1,2,Practice Session,1120101780,1120101900,1120100217,1120100217,1
1918,268,1,4,피아노 연습,1120102260,1120102320,1120100768,1120100768,1
1919,488,1,1,개인연습,1120102320,1120102440,1120100845,1120100845,1
1920,489,1,2,연습,1120102320,1120102440,1120100849,1120100849,1
1921,490,1,3,Violin practice,1120102380,1120102440,1120100912,1120100912,1
1922,345,1,5,피아노연습,1120102380,1120102500,1120100936,1120100936,1
1923,345,1,5,피아노연습,1120103640,1120103760,1120100937,1120100937,1
1924,345,1,5,피아노연습,1120105080,1120105200,1120100937,1120100937,1
1925,345,1,5,피아노연습,1120106520,1120106640,1120100937,1120100937,1
1926,345,1,5,피아노연습,1120108020,1120108140,1120100937,1120100937,1
1927,491,1,4,Piano,1120103880,1120103940,1120101924,1120101924,1
1928,217,1,4,개인연습,1120104600,1120104720,1120102347,1120102347,1
1929,142,1,5,연습,1120105320,1120105440,1120102369,1120102369,1
1930,493,1,5,연습,1120104600,1120104720,1120102410,1120102410,1
1931,127,72,6,팀장 회의,1120106760,1120106820,1120102442,1120102442,1
1932,127,72,6,팀장 회의,1120112520,1120112580,1120102442,1120102442,1
1933,24,94,8,테드 연습,1120122540,1120122660,1120102455,1120102455,1
1934,1,54,6,세미나실 정기예약 [행사준비위원회 상상효과],1120116720,1120116780,1120102578,1120102578,1
1935,1,54,6,세미나실 정기예약 [행사준비위원회 상상효과],1120116780,1120116840,1120102578,1120102578,1
1936,1,54,6,세미나실 정기예약 [행사준비위원회 상상효과],1120116840,1120116900,1120102578,1120102578,1
1937,1,54,6,세미나실 정기예약 [행사준비위원회 상상효과],1120126800,1120126860,1120102578,1120102578,1
1938,1,54,6,세미나실 정기예약 [행사준비위원회 상상효과],1120126860,1120126920,1120102578,1120102578,1
1939,1,54,6,세미나실 정기예약 [행사준비위원회 상상효과],1120126920,1120126980,1120102578,1120102578,1
1940,1,54,6,세미나실 정기예약 [행사준비위원회 상상효과],1120136880,1120136940,1120102578,1120102578,1
1941,1,54,6,세미나실 정기예약 [행사준비위원회 상상효과],1120136940,1120137000,1120102578,1120102578,1
1942,1,54,6,세미나실 정기예약 [행사준비위원회 상상효과],1120137000,1120137060,1120102578,1120102578,1
1943,1,54,6,세미나실 정기예약 [행사준비위원회 상상효과],1120146960,1120147020,1120102578,1120102578,1
1944,1,54,6,세미나실 정기예약 [행사준비위원회 상상효과],1120147020,1120147080,1120102578,1120102578,1
1945,1,54,6,세미나실 정기예약 [행사준비위원회 상상효과],1120147080,1120147140,1120102578,1120102578,1
1946,1,54,6,세미나실 정기예약 [행사준비위원회 상상효과],1120157040,1120157100,1120102578,1120102578,1
1947,1,54,6,세미나실 정기예약 [행사준비위원회 상상효과],1120157100,1120157160,1120102578,1120102578,1
1948,1,54,6,세미나실 정기예약 [행사준비위원회 상상효과],1120157160,1120157220,1120102578,1120102578,1
1949,1,54,6,세미나실 정기예약 [행사준비위원회 상상효과],1120170000,1120170060,1120102578,1120102578,1
1950,1,54,6,세미나실 정기예약 [행사준비위원회 상상효과],1120170060,1120170120,1120102578,1120102578,1
1951,1,54,6,세미나실 정기예약 [행사준비위원회 상상효과],1120170120,1120170180,1120102578,1120102578,1
1952,1,54,6,세미나실 정기예약 [행사준비위원회 상상효과],1120200240,1120200300,1120102578,1120102578,1
1953,1,54,6,세미나실 정기예약 [행사준비위원회 상상효과],1120200300,1120200360,1120102578,1120102578,1
1954,1,54,6,세미나실 정기예약 [행사준비위원회 상상효과],1120200360,1120200420,1120102578,1120102578,1
1955,1,54,6,세미나실 정기예약 [행사준비위원회 상상효과],1120211760,1120211820,1120102578,1120102578,1
1956,1,54,6,세미나실 정기예약 [행사준비위원회 상상효과],1120211820,1120211880,1120102578,1120102578,1
1957,1,54,6,세미나실 정기예약 [행사준비위원회 상상효과],1120211880,1120211940,1120102578,1120102578,1
1958,1,54,6,세미나실 정기예약 [행사준비위원회 상상효과],1120221840,1120221900,1120102578,1120102578,1
1959,1,54,6,세미나실 정기예약 [행사준비위원회 상상효과],1120221900,1120221960,1120102578,1120102578,1
1960,1,54,6,세미나실 정기예약 [행사준비위원회 상상효과],1120221960,1120222020,1120102578,1120102578,1
1961,1,54,6,세미나실 정기예약 [행사준비위원회 상상효과],1120231920,1120231980,1120102578,1120102578,1
1962,1,54,6,세미나실 정기예약 [행사준비위원회 상상효과],1120231980,1120232040,1120102578,1120102578,1
1963,1,54,6,세미나실 정기예약 [행사준비위원회 상상효과],1120232040,1120232100,1120102578,1120102578,1
1964,1,54,6,세미나실 정기예약 [행사준비위원회 상상효과],1120242000,1120242060,1120102578,1120102578,1
1965,1,54,6,세미나실 정기예약 [행사준비위원회 상상효과],1120242060,1120242120,1120102578,1120102578,1
1966,1,54,6,세미나실 정기예약 [행사준비위원회 상상효과],1120242120,1120242180,1120102578,1120102578,1
1967,1,54,6,세미나실 정기예약 [행사준비위원회 상상효과],1120254960,1120255020,1120102578,1120102578,1
1968,1,54,6,세미나실 정기예약 [행사준비위원회 상상효과],1120255020,1120255080,1120102578,1120102578,1
1969,1,54,6,세미나실 정기예약 [행사준비위원회 상상효과],1120255080,1120255140,1120102578,1120102578,1
1972,1,90,6,세미나실 정기예약 [INFINITE],1120115400,1120115460,1120102579,1120102579,1
1973,1,90,6,세미나실 정기예약 [INFINITE],1120115460,1120115520,1120102579,1120102579,1
1974,1,90,6,세미나실 정기예약 [INFINITE],1120125480,1120125540,1120102579,1120102579,1
1975,1,90,6,세미나실 정기예약 [INFINITE],1120125540,1120125600,1120102579,1120102579,1
1976,1,90,6,세미나실 정기예약 [INFINITE],1120135560,1120135620,1120102579,1120102579,1
1977,1,90,6,세미나실 정기예약 [INFINITE],1120135620,1120135680,1120102579,1120102579,1
1978,1,90,6,세미나실 정기예약 [INFINITE],1120145640,1120145700,1120102579,1120102579,1
1979,1,90,6,세미나실 정기예약 [INFINITE],1120145700,1120145760,1120102579,1120102579,1
1980,1,90,6,세미나실 정기예약 [INFINITE],1120155720,1120155780,1120102579,1120102579,1
1981,1,90,6,세미나실 정기예약 [INFINITE],1120155780,1120155840,1120102579,1120102579,1
1982,1,90,6,세미나실 정기예약 [INFINITE],1120168680,1120168740,1120102579,1120102579,1
1983,1,90,6,세미나실 정기예약 [INFINITE],1120168740,1120168800,1120102579,1120102579,1
1984,1,90,6,세미나실 정기예약 [INFINITE],1120198920,1120198980,1120102579,1120102579,1
1985,1,90,6,세미나실 정기예약 [INFINITE],1120198980,1120199040,1120102579,1120102579,1
1986,1,90,6,세미나실 정기예약 [INFINITE],1120210440,1120210500,1120102579,1120102579,1
1987,1,90,6,세미나실 정기예약 [INFINITE],1120210500,1120210560,1120102579,1120102579,1
1988,1,90,6,세미나실 정기예약 [INFINITE],1120220520,1120220580,1120102579,1120102579,1
1989,1,90,6,세미나실 정기예약 [INFINITE],1120220580,1120220640,1120102579,1120102579,1
1990,1,90,6,세미나실 정기예약 [INFINITE],1120230600,1120230660,1120102579,1120102579,1
1991,1,90,6,세미나실 정기예약 [INFINITE],1120230660,1120230720,1120102579,1120102579,1
1992,1,90,6,세미나실 정기예약 [INFINITE],1120240680,1120240740,1120102579,1120102579,1
1993,1,90,6,세미나실 정기예약 [INFINITE],1120240740,1120240800,1120102579,1120102579,1
1994,1,90,6,세미나실 정기예약 [INFINITE],1120253640,1120253700,1120102579,1120102579,1
1995,1,90,6,세미나실 정기예약 [INFINITE],1120253700,1120253760,1120102579,1120102579,1
1996,1,93,6,세미나실 정기예약 [메추리 수프],1120121040,1120121100,1120102579,1120102579,1
1997,1,93,6,세미나실 정기예약 [메추리 수프],1120131120,1120131180,1120102579,1120102579,1
1998,1,93,6,세미나실 정기예약 [메추리 수프],1120141200,1120141260,1120102579,1120102579,1
1999,1,93,6,세미나실 정기예약 [메추리 수프],1120151280,1120151340,1120102579,1120102579,1
2000,1,93,6,세미나실 정기예약 [메추리 수프],1120164240,1120164300,1120102579,1120102579,1
2001,1,93,6,세미나실 정기예약 [메추리 수프],1120174320,1120174380,1120102579,1120102579,1
2002,1,93,6,세미나실 정기예약 [메추리 수프],1120204560,1120204620,1120102579,1120102579,1
2003,1,93,6,세미나실 정기예약 [메추리 수프],1120216080,1120216140,1120102579,1120102579,1
2004,1,93,6,세미나실 정기예약 [메추리 수프],1120226160,1120226220,1120102579,1120102579,1
2005,1,93,6,세미나실 정기예약 [메추리 수프],1120236240,1120236300,1120102579,1120102579,1
2006,1,93,6,세미나실 정기예약 [메추리 수프],1120246320,1120246380,1120102579,1120102579,1
2007,1,93,6,세미나실 정기예약 [메추리 수프],1120259280,1120259340,1120102579,1120102579,1
2008,1,94,6,세미나실 정기예약 [TEDxKAIST],1120118220,1120118280,1120102579,1120102579,1
2009,1,94,6,세미나실 정기예약 [TEDxKAIST],1120118160,1120118220,1120102579,1120102579,1
2010,1,94,6,세미나실 정기예약 [TEDxKAIST],1120118280,1120118340,1120102579,1120102579,1
2011,1,94,6,세미나실 정기예약 [TEDxKAIST],1120128300,1120128360,1120102579,1120102579,1
2012,1,94,6,세미나실 정기예약 [TEDxKAIST],1120128240,1120128300,1120102579,1120102579,1
2013,1,94,6,세미나실 정기예약 [TEDxKAIST],1120128360,1120128420,1120102579,1120102579,1
2014,1,94,6,세미나실 정기예약 [TEDxKAIST],1120138380,1120138440,1120102579,1120102579,1
2015,1,94,6,세미나실 정기예약 [TEDxKAIST],1120138320,1120138380,1120102579,1120102579,1
2016,1,94,6,세미나실 정기예약 [TEDxKAIST],1120138440,1120138500,1120102579,1120102579,1
2017,1,94,6,세미나실 정기예약 [TEDxKAIST],1120148460,1120148520,1120102579,1120102579,1
2018,1,94,6,세미나실 정기예약 [TEDxKAIST],1120148400,1120148460,1120102579,1120102579,1
2019,1,94,6,세미나실 정기예약 [TEDxKAIST],1120148520,1120148580,1120102579,1120102579,1
2020,1,94,6,세미나실 정기예약 [TEDxKAIST],1120161420,1120161480,1120102579,1120102579,1
2021,1,94,6,세미나실 정기예약 [TEDxKAIST],1120161360,1120161420,1120102579,1120102579,1
2022,1,94,6,세미나실 정기예약 [TEDxKAIST],1120161480,1120161540,1120102579,1120102579,1
2023,1,94,6,세미나실 정기예약 [TEDxKAIST],1120171500,1120171560,1120102579,1120102579,1
2024,1,94,6,세미나실 정기예약 [TEDxKAIST],1120171440,1120171500,1120102579,1120102579,1
2025,1,94,6,세미나실 정기예약 [TEDxKAIST],1120171560,1120171620,1120102579,1120102579,1
2026,1,94,6,세미나실 정기예약 [TEDxKAIST],1120201740,1120201800,1120102579,1120102579,1
2027,1,94,6,세미나실 정기예약 [TEDxKAIST],1120201680,1120201740,1120102579,1120102579,1
2028,1,94,6,세미나실 정기예약 [TEDxKAIST],1120201800,1120201860,1120102579,1120102579,1
2029,1,94,6,세미나실 정기예약 [TEDxKAIST],1120213260,1120213320,1120102579,1120102579,1
2030,1,94,6,세미나실 정기예약 [TEDxKAIST],1120213200,1120213260,1120102579,1120102579,1
2031,1,94,6,세미나실 정기예약 [TEDxKAIST],1120213320,1120213380,1120102579,1120102579,1
2032,1,94,6,세미나실 정기예약 [TEDxKAIST],1120223340,1120223400,1120102579,1120102579,1
2033,1,94,6,세미나실 정기예약 [TEDxKAIST],1120223280,1120223340,1120102579,1120102579,1
2034,1,94,6,세미나실 정기예약 [TEDxKAIST],1120223400,1120223460,1120102579,1120102579,1
2035,1,94,6,세미나실 정기예약 [TEDxKAIST],1120233420,1120233480,1120102579,1120102579,1
2036,1,94,6,세미나실 정기예약 [TEDxKAIST],1120233360,1120233420,1120102579,1120102579,1
2037,1,94,6,세미나실 정기예약 [TEDxKAIST],1120233480,1120233540,1120102579,1120102579,1
2038,1,94,6,세미나실 정기예약 [TEDxKAIST],1120243500,1120243560,1120102579,1120102579,1
2039,1,94,6,세미나실 정기예약 [TEDxKAIST],1120243440,1120243500,1120102579,1120102579,1
2040,1,94,6,세미나실 정기예약 [TEDxKAIST],1120243560,1120243620,1120102579,1120102579,1
2041,1,94,6,세미나실 정기예약 [TEDxKAIST],1120256460,1120256520,1120102579,1120102579,1
2042,1,94,6,세미나실 정기예약 [TEDxKAIST],1120256400,1120256460,1120102579,1120102579,1
2043,1,94,6,세미나실 정기예약 [TEDxKAIST],1120256520,1120256580,1120102579,1120102579,1
2044,1,13,7,세미나실 정기예약 [KAIST Undergraduate Student Clubs Union],1120116840,1120116900,1120102579,1120102579,1
2045,1,13,7,세미나실 정기예약 [KAIST Undergraduate Student Clubs Union],1120126920,1120126980,1120102579,1120102579,1
2046,1,13,7,세미나실 정기예약 [KAIST Undergraduate Student Clubs Union],1120137000,1120137060,1120102579,1120102579,1
2047,1,13,7,세미나실 정기예약 [KAIST Undergraduate Student Clubs Union],1120147080,1120147140,1120102579,1120102579,1
2048,1,13,7,세미나실 정기예약 [KAIST Undergraduate Student Clubs Union],1120157160,1120157220,1120102579,1120102579,1
2049,1,13,7,세미나실 정기예약 [KAIST Undergraduate Student Clubs Union],1120170120,1120170180,1120102579,1120102579,1
2050,1,13,7,세미나실 정기예약 [KAIST Undergraduate Student Clubs Union],1120200360,1120200420,1120102579,1120102579,1
2051,1,13,7,세미나실 정기예약 [KAIST Undergraduate Student Clubs Union],1120211880,1120211940,1120102579,1120102579,1
2052,1,13,7,세미나실 정기예약 [KAIST Undergraduate Student Clubs Union],1120221960,1120222020,1120102579,1120102579,1
2053,1,13,7,세미나실 정기예약 [KAIST Undergraduate Student Clubs Union],1120232040,1120232100,1120102579,1120102579,1
2054,1,13,7,세미나실 정기예약 [KAIST Undergraduate Student Clubs Union],1120242120,1120242180,1120102579,1120102579,1
2055,1,13,7,세미나실 정기예약 [KAIST Undergraduate Student Clubs Union],1120255080,1120255140,1120102579,1120102579,1
2056,1,72,7,세미나실 정기예약 [Number],1120115400,1120115460,1120102579,1120102579,1
2057,1,72,7,세미나실 정기예약 [Number],1120125480,1120125540,1120102579,1120102579,1
2058,1,72,7,세미나실 정기예약 [Number],1120135560,1120135620,1120102579,1120102579,1
2059,1,72,7,세미나실 정기예약 [Number],1120145640,1120145700,1120102579,1120102579,1
2060,1,72,7,세미나실 정기예약 [Number],1120155720,1120155780,1120102579,1120102579,1
2061,1,72,7,세미나실 정기예약 [Number],1120168680,1120168740,1120102579,1120102579,1
2062,1,72,7,세미나실 정기예약 [Number],1120198920,1120198980,1120102579,1120102579,1
2063,1,72,7,세미나실 정기예약 [Number],1120210440,1120210500,1120102579,1120102579,1
2064,1,72,7,세미나실 정기예약 [Number],1120220520,1120220580,1120102579,1120102579,1
2065,1,72,7,세미나실 정기예약 [Number],1120230600,1120230660,1120102579,1120102579,1
2066,1,72,7,세미나실 정기예약 [Number],1120240680,1120240740,1120102579,1120102579,1
2067,1,72,7,세미나실 정기예약 [Number],1120253640,1120253700,1120102579,1120102579,1
2068,1,96,7,세미나실 정기예약 [전산학부 집행위],1120115460,1120115520,1120102579,1120102579,1
2069,1,96,7,세미나실 정기예약 [전산학부 집행위],1120115520,1120115580,1120102579,1120102579,1
2070,1,96,7,세미나실 정기예약 [전산학부 집행위],1120125540,1120125600,1120102579,1120102579,1
2071,1,96,7,세미나실 정기예약 [전산학부 집행위],1120125600,1120125660,1120102579,1120102579,1
2072,1,96,7,세미나실 정기예약 [전산학부 집행위],1120135620,1120135680,1120102579,1120102579,1
2073,1,96,7,세미나실 정기예약 [전산학부 집행위],1120135680,1120135740,1120102579,1120102579,1
2074,1,96,7,세미나실 정기예약 [전산학부 집행위],1120145700,1120145760,1120102579,1120102579,1
2075,1,96,7,세미나실 정기예약 [전산학부 집행위],1120145760,1120145820,1120102579,1120102579,1
2076,1,96,7,세미나실 정기예약 [전산학부 집행위],1120155780,1120155840,1120102579,1120102579,1
2077,1,96,7,세미나실 정기예약 [전산학부 집행위],1120155840,1120155900,1120102579,1120102579,1
2078,1,96,7,세미나실 정기예약 [전산학부 집행위],1120168740,1120168800,1120102579,1120102579,1
2079,1,96,7,세미나실 정기예약 [전산학부 집행위],1120168800,1120168860,1120102579,1120102579,1
2080,1,96,7,세미나실 정기예약 [전산학부 집행위],1120198980,1120199040,1120102579,1120102579,1
2081,1,96,7,세미나실 정기예약 [전산학부 집행위],1120199040,1120199100,1120102579,1120102579,1
2082,1,96,7,세미나실 정기예약 [전산학부 집행위],1120210500,1120210560,1120102579,1120102579,1
2083,1,96,7,세미나실 정기예약 [전산학부 집행위],1120210560,1120210620,1120102579,1120102579,1
2084,1,96,7,세미나실 정기예약 [전산학부 집행위],1120220580,1120220640,1120102579,1120102579,1
2085,1,96,7,세미나실 정기예약 [전산학부 집행위],1120220640,1120220700,1120102579,1120102579,1
2086,1,96,7,세미나실 정기예약 [전산학부 집행위],1120230660,1120230720,1120102579,1120102579,1
2087,1,96,7,세미나실 정기예약 [전산학부 집행위],1120230720,1120230780,1120102579,1120102579,1
2088,1,96,7,세미나실 정기예약 [전산학부 집행위],1120240740,1120240800,1120102579,1120102579,1
2089,1,96,7,세미나실 정기예약 [전산학부 집행위],1120240800,1120240860,1120102579,1120102579,1
2090,1,96,7,세미나실 정기예약 [전산학부 집행위],1120253700,1120253760,1120102579,1120102579,1
2091,1,96,7,세미나실 정기예약 [전산학부 집행위],1120253760,1120253820,1120102579,1120102579,1
2092,1,99,7,세미나실 정기예약 [KFAC],1120119660,1120119720,1120102579,1120102579,1
2093,1,99,7,세미나실 정기예약 [KFAC],1120119720,1120119780,1120102579,1120102579,1
2094,1,99,7,세미나실 정기예약 [KFAC],1120115340,1120115400,1120102579,1120102579,1
2095,1,99,7,세미나실 정기예약 [KFAC],1120129740,1120129800,1120102579,1120102579,1
2096,1,99,7,세미나실 정기예약 [KFAC],1120129800,1120129860,1120102579,1120102579,1
2097,1,99,7,세미나실 정기예약 [KFAC],1120125420,1120125480,1120102579,1120102579,1
2098,1,99,7,세미나실 정기예약 [KFAC],1120124040,1120124100,1120102579,1120102579,1
2099,1,99,7,세미나실 정기예약 [KFAC],1120139820,1120139880,1120102579,1120102579,1
2100,1,99,7,세미나실 정기예약 [KFAC],1120139880,1120139940,1120102579,1120102579,1
2101,1,99,7,세미나실 정기예약 [KFAC],1120135500,1120135560,1120102579,1120102579,1
2102,1,99,7,세미나실 정기예약 [KFAC],1120134120,1120134180,1120102579,1120102579,1
2103,1,99,7,세미나실 정기예약 [KFAC],1120149900,1120149960,1120102579,1120102579,1
2104,1,99,7,세미나실 정기예약 [KFAC],1120149960,1120150020,1120102579,1120102579,1
2105,1,99,7,세미나실 정기예약 [KFAC],1120145580,1120145640,1120102579,1120102579,1
2106,1,99,7,세미나실 정기예약 [KFAC],1120144200,1120144260,1120102579,1120102579,1
2107,1,99,7,세미나실 정기예약 [KFAC],1120162860,1120162920,1120102579,1120102579,1
2108,1,99,7,세미나실 정기예약 [KFAC],1120162920,1120162980,1120102579,1120102579,1
2109,1,99,7,세미나실 정기예약 [KFAC],1120155660,1120155720,1120102579,1120102579,1
2110,1,99,7,세미나실 정기예약 [KFAC],1120154280,1120154340,1120102579,1120102579,1
2111,1,99,7,세미나실 정기예약 [KFAC],1120172940,1120173000,1120102579,1120102579,1
2112,1,99,7,세미나실 정기예약 [KFAC],1120173000,1120173060,1120102579,1120102579,1
2113,1,99,7,세미나실 정기예약 [KFAC],1120168620,1120168680,1120102579,1120102579,1
2114,1,99,7,세미나실 정기예약 [KFAC],1120167240,1120167300,1120102579,1120102579,1
2115,1,99,7,세미나실 정기예약 [KFAC],1120203180,1120203240,1120102579,1120102579,1
2116,1,99,7,세미나실 정기예약 [KFAC],1120203240,1120203300,1120102579,1120102579,1
2117,1,99,7,세미나실 정기예약 [KFAC],1120198860,1120198920,1120102579,1120102579,1
2118,1,99,7,세미나실 정기예약 [KFAC],1120197480,1120197540,1120102579,1120102579,1
2119,1,99,7,세미나실 정기예약 [KFAC],1120214700,1120214760,1120102579,1120102579,1
2120,1,99,7,세미나실 정기예약 [KFAC],1120214760,1120214820,1120102579,1120102579,1
2121,1,99,7,세미나실 정기예약 [KFAC],1120210380,1120210440,1120102579,1120102579,1
2122,1,99,7,세미나실 정기예약 [KFAC],1120209000,1120209060,1120102579,1120102579,1
2123,1,99,7,세미나실 정기예약 [KFAC],1120224780,1120224840,1120102579,1120102579,1
2124,1,99,7,세미나실 정기예약 [KFAC],1120224840,1120224900,1120102579,1120102579,1
2125,1,99,7,세미나실 정기예약 [KFAC],1120220460,1120220520,1120102579,1120102579,1
2126,1,99,7,세미나실 정기예약 [KFAC],1120219080,1120219140,1120102579,1120102579,1
2127,1,99,7,세미나실 정기예약 [KFAC],1120234860,1120234920,1120102579,1120102579,1
2128,1,99,7,세미나실 정기예약 [KFAC],1120234920,1120234980,1120102579,1120102579,1
2129,1,99,7,세미나실 정기예약 [KFAC],1120230540,1120230600,1120102579,1120102579,1
2130,1,99,7,세미나실 정기예약 [KFAC],1120229160,1120229220,1120102579,1120102579,1
2131,1,99,7,세미나실 정기예약 [KFAC],1120244940,1120245000,1120102579,1120102579,1
2132,1,99,7,세미나실 정기예약 [KFAC],1120245000,1120245060,1120102579,1120102579,1
2133,1,99,7,세미나실 정기예약 [KFAC],1120240620,1120240680,1120102579,1120102579,1
2134,1,99,7,세미나실 정기예약 [KFAC],1120239240,1120239300,1120102579,1120102579,1
2135,1,99,7,세미나실 정기예약 [KFAC],1120257900,1120257960,1120102579,1120102579,1
2136,1,99,7,세미나실 정기예약 [KFAC],1120257960,1120258020,1120102579,1120102579,1
2137,1,99,7,세미나실 정기예약 [KFAC],1120253580,1120253640,1120102579,1120102579,1
2138,1,99,7,세미나실 정기예약 [KFAC],1120249320,1120249380,1120102579,1120102579,1
2139,1,101,7,세미나실 정기예약 [Pokéstop KAIST],1120118160,1120118220,1120102579,1120102579,1
2140,1,101,7,세미나실 정기예약 [Pokéstop KAIST],1120118220,1120118280,1120102579,1120102579,1
2141,1,101,7,세미나실 정기예약 [Pokéstop KAIST],1120118280,1120118340,1120102579,1120102579,1
2142,1,101,7,세미나실 정기예약 [Pokéstop KAIST],1120118340,1120118400,1120102579,1120102579,1
2143,1,101,7,세미나실 정기예약 [Pokéstop KAIST],1120128240,1120128300,1120102579,1120102579,1
2144,1,101,7,세미나실 정기예약 [Pokéstop KAIST],1120128300,1120128360,1120102579,1120102579,1
2145,1,101,7,세미나실 정기예약 [Pokéstop KAIST],1120128360,1120128420,1120102579,1120102579,1
2146,1,101,7,세미나실 정기예약 [Pokéstop KAIST],1120128420,1120128480,1120102579,1120102579,1
2147,1,101,7,세미나실 정기예약 [Pokéstop KAIST],1120148400,1120148460,1120102579,1120102579,1
2148,1,101,7,세미나실 정기예약 [Pokéstop KAIST],1120148460,1120148520,1120102579,1120102579,1
2149,1,101,7,세미나실 정기예약 [Pokéstop KAIST],1120148520,1120148580,1120102579,1120102579,1
2150,1,101,7,세미나실 정기예약 [Pokéstop KAIST],1120148580,1120148640,1120102579,1120102579,1
2151,1,101,7,세미나실 정기예약 [Pokéstop KAIST],1120161360,1120161420,1120102579,1120102579,1
2152,1,101,7,세미나실 정기예약 [Pokéstop KAIST],1120161420,1120161480,1120102579,1120102579,1
2153,1,101,7,세미나실 정기예약 [Pokéstop KAIST],1120161480,1120161540,1120102579,1120102579,1
2154,1,101,7,세미나실 정기예약 [Pokéstop KAIST],1120161540,1120161600,1120102579,1120102579,1
2155,1,101,7,세미나실 정기예약 [Pokéstop KAIST],1120171440,1120171500,1120102579,1120102579,1
2156,1,101,7,세미나실 정기예약 [Pokéstop KAIST],1120171500,1120171560,1120102579,1120102579,1
2157,1,101,7,세미나실 정기예약 [Pokéstop KAIST],1120171560,1120171620,1120102579,1120102579,1
2158,1,101,7,세미나실 정기예약 [Pokéstop KAIST],1120171620,1120171680,1120102579,1120102579,1
2159,1,101,7,세미나실 정기예약 [Pokéstop KAIST],1120201680,1120201740,1120102579,1120102579,1
2160,1,101,7,세미나실 정기예약 [Pokéstop KAIST],1120201740,1120201800,1120102579,1120102579,1
2161,1,101,7,세미나실 정기예약 [Pokéstop KAIST],1120201800,1120201860,1120102579,1120102579,1
2162,1,101,7,세미나실 정기예약 [Pokéstop KAIST],1120201860,1120201920,1120102579,1120102579,1
2163,1,101,7,세미나실 정기예약 [Pokéstop KAIST],1120213200,1120213260,1120102579,1120102579,1
2164,1,101,7,세미나실 정기예약 [Pokéstop KAIST],1120213260,1120213320,1120102579,1120102579,1
2165,1,101,7,세미나실 정기예약 [Pokéstop KAIST],1120213320,1120213380,1120102579,1120102579,1
2166,1,101,7,세미나실 정기예약 [Pokéstop KAIST],1120213380,1120213440,1120102579,1120102579,1
2167,1,101,7,세미나실 정기예약 [Pokéstop KAIST],1120223280,1120223340,1120102579,1120102579,1
2168,1,101,7,세미나실 정기예약 [Pokéstop KAIST],1120223340,1120223400,1120102579,1120102579,1
2169,1,101,7,세미나실 정기예약 [Pokéstop KAIST],1120223400,1120223460,1120102579,1120102579,1
2170,1,101,7,세미나실 정기예약 [Pokéstop KAIST],1120223460,1120223520,1120102579,1120102579,1
2171,1,101,7,세미나실 정기예약 [Pokéstop KAIST],1120233360,1120233420,1120102579,1120102579,1
2172,1,101,7,세미나실 정기예약 [Pokéstop KAIST],1120233420,1120233480,1120102579,1120102579,1
2173,1,101,7,세미나실 정기예약 [Pokéstop KAIST],1120233480,1120233540,1120102579,1120102579,1
2174,1,101,7,세미나실 정기예약 [Pokéstop KAIST],1120233540,1120233600,1120102579,1120102579,1
2175,1,101,7,세미나실 정기예약 [Pokéstop KAIST],1120243440,1120243500,1120102579,1120102579,1
2176,1,101,7,세미나실 정기예약 [Pokéstop KAIST],1120243500,1120243560,1120102579,1120102579,1
2177,1,101,7,세미나실 정기예약 [Pokéstop KAIST],1120243560,1120243620,1120102579,1120102579,1
2178,1,101,7,세미나실 정기예약 [Pokéstop KAIST],1120243620,1120243680,1120102579,1120102579,1
2179,1,101,7,세미나실 정기예약 [Pokéstop KAIST],1120256400,1120256460,1120102579,1120102579,1
2180,1,101,7,세미나실 정기예약 [Pokéstop KAIST],1120256460,1120256520,1120102579,1120102579,1
2181,1,101,7,세미나실 정기예약 [Pokéstop KAIST],1120256520,1120256580,1120102579,1120102579,1
2182,1,101,7,세미나실 정기예약 [Pokéstop KAIST],1120256580,1120256640,1120102579,1120102579,1
2183,56,1,9,드럼연습,1120106100,1120106220,1120102626,1120102626,1
2184,21,1,9,드럼,1120106520,1120106640,1120103152,1120103152,1
2185,21,1,9,드럼,1120109280,1120109400,1120103154,1120103154,1
2186,437,1,1,Lock,1120105380,1120105440,1120103211,1120103211,1
2188,197,1,1,개인연습,1120106280,1120106400,1120103593,1120103593,1
2189,48,1,4,연습,1120108020,1120108140,1120103639,1120103639,1
2190,418,1,7,별바라기 홍디TF 교육,1120110300,1120110480,1120103672,1120103672,1
2191,30,12,8,일루젼 카이스트,1120115460,1120115520,1120103697,1120103697,1
2192,471,1,5,연습,1120116720,1120116840,1120103732,1120103732,1
2193,471,1,5,연습,1120118160,1120118280,1120103732,1120103732,1
2194,471,1,5,연습,1120119120,1120119240,1120103732,1120103732,1
2195,471,1,4,연습,1120119660,1120119780,1120103733,1120103733,1
2196,471,1,5,연습,1120120860,1120120980,1120103734,1120103734,1
2197,471,1,5,연습,1120122300,1120122420,1120103734,1120103734,1
2198,471,1,5,연습,1120123740,1120123860,1120103734,1120103734,1
2199,491,1,4,Piano practice,1120106340,1120106460,1120104009,1120104009,1
2200,166,12,8,일루젼 카이스트,1120119780,1120119840,1120104102,1120104102,1
2201,166,12,8,일루젼 카이스트,1120119840,1120119900,1120104103,1120104103,1
2202,177,12,8,일루젼 카이스트,1120115400,1120115460,1120104121,1120104121,1
2203,177,12,11,일루젼 카이스트,1120125420,1120125540,1120104124,1120104124,1
2204,55,1,5,연습,1120106760,1120106880,1120105006,1120105006,1
2205,496,1,9,밴드 프리드럭스토어 합주,1120122120,1120122240,1120105178,1120105178,1
2208,280,1,3,개인연습,1120107600,1120107720,1120105516,1120105516,1
2228,497,1,4,Practice,1120107900,1120107960,1120105701,1120105701,1
2229,495,1,2,개인연습,1120107780,1120107900,1120106332,1120106332,1
2230,181,1,1,개인연습,1120109280,1120109400,1120106441,1120106441,1
2231,485,1,4,연습,1120108140,1120108260,1120106494,1120106494,1
2232,24,12,8,일루젼 카이스트,1120125540,1120125600,1120106552,1120106552,1
2233,173,12,8,일루젼 카이스트,1120116900,1120116960,1120106623,1120106623,1
2234,173,12,8,일루젼 카이스트,1120116960,1120117020,1120106623,1120106623,1
2235,217,1,4,개인연습,1120118040,1120118160,1120106710,1120106710,1
2237,492,107,13,MUSE 가을 버스킹,1120147920,1120148520,1120106823,1120106823,1
2238,45,12,8,일루젼 연습,1120125480,1120125540,1120106824,1120106824,1
2239,501,1,9,합주,1120110840,1120110960,1120106872,1120106872,1
2240,30,12,8,일루젼 카이스트,1120125600,1120125660,1120106925,1120106925,1
2242,346,1,8,개인연습,1120111020,1120111140,1120107672,1120107672,1
2243,503,1,7,전자과대학원 풋살대회,1120116660,1120116780,1120107735,1120107735,1
2245,504,1,9,밴드 연습,1120112400,1120112520,1120107885,1120107885,1
2246,122,54,7,상상효과 팀장회의,1120112400,1120112580,1120108050,1120108050,1
2247,122,54,6,상상효과 팀장회의,1120123920,1120124100,1120108050,1120108050,1
2248,245,40,9,마요네즈 합주,1120116660,1120116780,1120108065,1120108065,1
2249,506,1,12,내포 경진대회,1120112100,1120112340,1120108076,1120108076,1
2250,124,1,7,[넘버] 정기공연 피드백,1120126560,1120126740,1120108088,1120108088,1
2251,472,109,11,SEED KAIST 첫 정모,1120135500,1120135620,1120108105,1120108105,1
2252,167,1,5,피아노 연습,1120110420,1120110540,1120108223,1120108223,1
2253,30,12,8,일루젼 카이스트,1120126980,1120127040,1120108265,1120108265,1
2254,30,12,8,일루젼 카이스트,1120127040,1120127100,1120108265,1120108265,1
2255,509,1,8,소울,1120115100,1120115220,1120108269,1120108269,1
2256,473,1,13,애드립 버스킹 공연,1120117980,1120118160,1120108992,1120108992,1
2257,511,1,4,연습,1120112100,1120112220,1120109062,1120109062,1
2258,511,1,4,연습,1120110540,1120110660,1120109062,1120109062,1
2259,510,1,2,개인 연습,1120110660,1120110780,1120109188,1120109188,1
2260,510,1,2,개인 연습,1120111980,1120112100,1120109188,1120109188,1
2261,489,1,5,연습,1120110900,1120111020,1120109377,1120109377,1
2262,485,1,4,연습습,1120111080,1120111140,1120109597,1120109597,1
2263,485,1,4,연습,1120111740,1120111860,1120109598,1120109598,1
2264,485,1,4,연습,1120115340,1120115460,1120109599,1120109599,1
2265,485,1,4,연습,1120116780,1120116900,1120109599,1120109599,1
2269,124,72,6,[Number] 공연 피드백,1120127040,1120127160,1120109662,1120109662,1
2270,124,72,6,[Number] 공연 피드백,1120126980,1120127040,1120109663,1120109663,1
2271,7,9,16,KAIST와 함께하는 장애인식개선 문화캠페인,1120126200,1120126620,1120109667,1120109667,1
2272,7,9,16,KAIST와 함께하는 장애인식개선 문화캠페인,1120127640,1120128060,1120109667,1120109667,1
2273,7,9,16,KAIST와 함께하는 장애인식개선 문화캠페인,1120129080,1120129500,1120109667,1120109667,1
2277,518,1,1,개인연습,1120112100,1120112220,1120110542,1120110542,1
2278,471,1,5,연습,1120125360,1120125480,1120110673,1120110673,1
2279,471,1,5,연습,1120126800,1120126920,1120110674,1120110674,1
2280,471,1,5,연습,1120128240,1120128360,1120110674,1120110674,1
2281,471,1,5,연습,1120129680,1120129800,1120110675,1120110675,1
2282,23,102,9,SSEquence 정모,1120126920,1120126980,1120110679,1120110679,1
2283,231,1,1,악기 연습,1120115160,1120115280,1120110819,1120110819,1
2284,241,1,1,개인 연습,1120114080,1120114200,1120111035,1120111035,1
2285,520,1,9,tnt,1120119600,1120119720,1120111043,1120111043,1
2286,167,1,4,피아노 연습,1120114620,1120114680,1120111076,1120111076,1
2287,522,1,5,연습,1120115100,1120115160,1120111084,1120111084,1
2288,56,1,9,드럼연습,1120114920,1120115040,1120111180,1120111180,1
2289,523,1,10,Chamber music practice,1120172460,1120172700,1120111185,1120111185,1
2290,524,1,9,합주연습,1120121100,1120121220,1120111186,1120111186,1
2291,191,1,9,기타 연습,1120115040,1120115160,1120111866,1120111866,1
2292,525,1,5,연습,1120115040,1120115100,1120111956,1120111956,1
2293,49,1,6,세미나,1120116600,1120116720,1120111962,1120111962,1
2294,21,1,9,drum,1120117980,1120118100,1120111972,1120111972,1
2295,21,1,9,drum,1120119480,1120119600,1120111973,1120111973,1
2296,479,1,9,합주,1120119720,1120119840,1120112072,1120112072,1
2297,173,1,8,일루젼 카이스트,1120129860,1120129920,1120112099,1120112099,1
2298,173,1,8,일루젼 카이스트,1120129920,1120129980,1120112100,1120112100,1
2299,502,1,3,개인 연습,1120122240,1120122360,1120112100,1120112100,1
2300,527,1,8,춤 연습,1120116600,1120116660,1120112150,1120112150,1
2301,527,1,8,춤 연습,1120116660,1120116720,1120112151,1120112151,1
2302,527,1,8,춤 연습,1120117920,1120118040,1120112153,1120112153,1
2303,527,1,8,춤 연습,1120119360,1120119480,1120112158,1120112158,1
2304,345,1,5,피아노연습,1120115160,1120115280,1120112163,1120112163,1
2305,345,1,5,피아노연습,1120116600,1120116720,1120112164,1120112164,1
2306,345,1,5,피아노연습,1120118040,1120118160,1120112164,1120112164,1
2307,345,1,5,피아노연습,1120119480,1120119600,1120112164,1120112164,1
2308,345,1,5,피아노연습,1120120980,1120121100,1120112164,1120112164,1
2309,518,1,1,악기연습,1120115280,1120115400,1120112216,1120112216,1
2310,514,1,4,연습,1120115220,1120115340,1120112251,1120112251,1
2311,514,1,4,연습,1120116660,1120116780,1120112253,1120112253,1
